[{"model": "contenttypes.contenttype", "pk": 1, "fields": {"app_label": "cms", "model": "placeholder"}}, {"model": "contenttypes.contenttype", "pk": 2, "fields": {"app_label": "cms", "model": "page"}}, {"model": "contenttypes.contenttype", "pk": 3, "fields": {"app_label": "auth", "model": "permission"}}, {"model": "contenttypes.contenttype", "pk": 4, "fields": {"app_label": "auth", "model": "group"}}, {"model": "contenttypes.contenttype", "pk": 5, "fields": {"app_label": "auth", "model": "user"}}, {"model": "contenttypes.contenttype", "pk": 6, "fields": {"app_label": "contenttypes", "model": "contenttype"}}, {"model": "contenttypes.contenttype", "pk": 7, "fields": {"app_label": "sessions", "model": "session"}}, {"model": "contenttypes.contenttype", "pk": 8, "fields": {"app_label": "admin", "model": "logentry"}}, {"model": "contenttypes.contenttype", "pk": 9, "fields": {"app_label": "sites", "model": "site"}}, {"model": "contenttypes.contenttype", "pk": 10, "fields": {"app_label": "cms", "model": "title"}}, {"model": "contenttypes.contenttype", "pk": 11, "fields": {"app_label": "cms", "model": "treenode"}}, {"model": "contenttypes.contenttype", "pk": 12, "fields": {"app_label": "cms", "model": "cmsplugin"}}, {"model": "contenttypes.contenttype", "pk": 13, "fields": {"app_label": "cms", "model": "placeholderreference"}}, {"model": "contenttypes.contenttype", "pk": 14, "fields": {"app_label": "cms", "model": "staticplaceholder"}}, {"model": "contenttypes.contenttype", "pk": 15, "fields": {"app_label": "cms", "model": "usersettings"}}, {"model": "contenttypes.contenttype", "pk": 16, "fields": {"app_label": "cms", "model": "aliaspluginmodel"}}, {"model": "contenttypes.contenttype", "pk": 17, "fields": {"app_label": "cms", "model": "pageusergroup"}}, {"model": "contenttypes.contenttype", "pk": 18, "fields": {"app_label": "cms", "model": "globalpagepermission"}}, {"model": "contenttypes.contenttype", "pk": 19, "fields": {"app_label": "cms", "model": "urlconfrevision"}}, {"model": "contenttypes.contenttype", "pk": 20, "fields": {"app_label": "cms", "model": "pagepermission"}}, {"model": "contenttypes.contenttype", "pk": 21, "fields": {"app_label": "cms", "model": "pageuser"}}, {"model": "contenttypes.contenttype", "pk": 22, "fields": {"app_label": "cms", "model": "pagetype"}}, {"model": "contenttypes.contenttype", "pk": 23, "fields": {"app_label": "menus", "model": "cachekey"}}, {"model": "contenttypes.contenttype", "pk": 24, "fields": {"app_label": "djangocms_text_ckeditor", "model": "text"}}, {"model": "contenttypes.contenttype", "pk": 25, "fields": {"app_label": "filer", "model": "clipboard"}}, {"model": "contenttypes.contenttype", "pk": 26, "fields": {"app_label": "filer", "model": "folderpermission"}}, {"model": "contenttypes.contenttype", "pk": 27, "fields": {"app_label": "filer", "model": "folder"}}, {"model": "contenttypes.contenttype", "pk": 28, "fields": {"app_label": "filer", "model": "clipboarditem"}}, {"model": "contenttypes.contenttype", "pk": 29, "fields": {"app_label": "filer", "model": "file"}}, {"model": "contenttypes.contenttype", "pk": 30, "fields": {"app_label": "filer", "model": "thumbnailoption"}}, {"model": "contenttypes.contenttype", "pk": 31, "fields": {"app_label": "filer", "model": "image"}}, {"model": "contenttypes.contenttype", "pk": 32, "fields": {"app_label": "easy_thumbnails", "model": "thumbnaildimensions"}}, {"model": "contenttypes.contenttype", "pk": 33, "fields": {"app_label": "easy_thumbnails", "model": "thumbnail"}}, {"model": "contenttypes.contenttype", "pk": 34, "fields": {"app_label": "easy_thumbnails", "model": "source"}}, {"model": "contenttypes.contenttype", "pk": 35, "fields": {"app_label": "djangocms_column", "model": "multicolumns"}}, {"model": "contenttypes.contenttype", "pk": 36, "fields": {"app_label": "djangocms_column", "model": "column"}}, {"model": "contenttypes.contenttype", "pk": 37, "fields": {"app_label": "djangocms_file", "model": "folder"}}, {"model": "contenttypes.contenttype", "pk": 38, "fields": {"app_label": "djangocms_file", "model": "file"}}, {"model": "contenttypes.contenttype", "pk": 39, "fields": {"app_label": "djangocms_link", "model": "link"}}, {"model": "contenttypes.contenttype", "pk": 40, "fields": {"app_label": "djangocms_picture", "model": "picture"}}, {"model": "contenttypes.contenttype", "pk": 41, "fields": {"app_label": "djangocms_style", "model": "style"}}, {"model": "contenttypes.contenttype", "pk": 42, "fields": {"app_label": "djangocms_snippet", "model": "snippet"}}, {"model": "contenttypes.contenttype", "pk": 43, "fields": {"app_label": "djangocms_snippet", "model": "snippetptr"}}, {"model": "contenttypes.contenttype", "pk": 44, "fields": {"app_label": "djangocms_googlemap", "model": "googlemap"}}, {"model": "contenttypes.contenttype", "pk": 45, "fields": {"app_label": "djangocms_googlemap", "model": "googlemapmarker"}}, {"model": "contenttypes.contenttype", "pk": 46, "fields": {"app_label": "djangocms_googlemap", "model": "googlemaproute"}}, {"model": "contenttypes.contenttype", "pk": 47, "fields": {"app_label": "djangocms_video", "model": "videoplayer"}}, {"model": "contenttypes.contenttype", "pk": 48, "fields": {"app_label": "djangocms_video", "model": "videosource"}}, {"model": "contenttypes.contenttype", "pk": 49, "fields": {"app_label": "djangocms_video", "model": "videotrack"}}, {"model": "contenttypes.contenttype", "pk": 50, "fields": {"app_label": "djangocms_forms", "model": "form"}}, {"model": "contenttypes.contenttype", "pk": 51, "fields": {"app_label": "djangocms_forms", "model": "formsubmission"}}, {"model": "contenttypes.contenttype", "pk": 52, "fields": {"app_label": "djangocms_forms", "model": "formfield"}}, {"model": "contenttypes.contenttype", "pk": 53, "fields": {"app_label": "djangocms_forms", "model": "formdefinition"}}, {"model": "contenttypes.contenttype", "pk": 54, "fields": {"app_label": "polls", "model": "choice"}}, {"model": "contenttypes.contenttype", "pk": 55, "fields": {"app_label": "polls", "model": "poll"}}, {"model": "contenttypes.contenttype", "pk": 56, "fields": {"app_label": "djangocms_icon", "model": "icon"}}, {"model": "contenttypes.contenttype", "pk": 57, "fields": {"app_label": "bootstrap4_alerts", "model": "bootstrap4alerts"}}, {"model": "contenttypes.contenttype", "pk": 58, "fields": {"app_label": "bootstrap4_badge", "model": "bootstrap4badge"}}, {"model": "contenttypes.contenttype", "pk": 59, "fields": {"app_label": "bootstrap4_card", "model": "bootstrap4card"}}, {"model": "contenttypes.contenttype", "pk": 60, "fields": {"app_label": "bootstrap4_card", "model": "bootstrap4cardinner"}}, {"model": "contenttypes.contenttype", "pk": 61, "fields": {"app_label": "bootstrap4_carousel", "model": "bootstrap4carousel"}}, {"model": "contenttypes.contenttype", "pk": 62, "fields": {"app_label": "bootstrap4_carousel", "model": "bootstrap4carouselslide"}}, {"model": "contenttypes.contenttype", "pk": 63, "fields": {"app_label": "bootstrap4_collapse", "model": "bootstrap4collapsecontainer"}}, {"model": "contenttypes.contenttype", "pk": 64, "fields": {"app_label": "bootstrap4_collapse", "model": "bootstrap4collapsetrigger"}}, {"model": "contenttypes.contenttype", "pk": 65, "fields": {"app_label": "bootstrap4_collapse", "model": "bootstrap4collapse"}}, {"model": "contenttypes.contenttype", "pk": 66, "fields": {"app_label": "bootstrap4_content", "model": "bootstrap4code"}}, {"model": "contenttypes.contenttype", "pk": 67, "fields": {"app_label": "bootstrap4_content", "model": "bootstrap4figure"}}, {"model": "contenttypes.contenttype", "pk": 68, "fields": {"app_label": "bootstrap4_content", "model": "bootstrap4blockquote"}}, {"model": "contenttypes.contenttype", "pk": 69, "fields": {"app_label": "bootstrap4_grid", "model": "bootstrap4gridrow"}}, {"model": "contenttypes.contenttype", "pk": 70, "fields": {"app_label": "bootstrap4_grid", "model": "bootstrap4gridcolumn"}}, {"model": "contenttypes.contenttype", "pk": 71, "fields": {"app_label": "bootstrap4_grid", "model": "bootstrap4gridcontainer"}}, {"model": "contenttypes.contenttype", "pk": 72, "fields": {"app_label": "bootstrap4_jumbotron", "model": "bootstrap4jumbotron"}}, {"model": "contenttypes.contenttype", "pk": 73, "fields": {"app_label": "bootstrap4_link", "model": "bootstrap4link"}}, {"model": "contenttypes.contenttype", "pk": 74, "fields": {"app_label": "bootstrap4_listgroup", "model": "bootstrap4listgroup"}}, {"model": "contenttypes.contenttype", "pk": 75, "fields": {"app_label": "bootstrap4_listgroup", "model": "bootstrap4listgroupitem"}}, {"model": "contenttypes.contenttype", "pk": 76, "fields": {"app_label": "bootstrap4_media", "model": "bootstrap4media"}}, {"model": "contenttypes.contenttype", "pk": 77, "fields": {"app_label": "bootstrap4_media", "model": "bootstrap4mediabody"}}, {"model": "contenttypes.contenttype", "pk": 78, "fields": {"app_label": "bootstrap4_picture", "model": "bootstrap4picture"}}, {"model": "contenttypes.contenttype", "pk": 79, "fields": {"app_label": "bootstrap4_tabs", "model": "bootstrap4tabitem"}}, {"model": "contenttypes.contenttype", "pk": 80, "fields": {"app_label": "bootstrap4_tabs", "model": "bootstrap4tab"}}, {"model": "contenttypes.contenttype", "pk": 81, "fields": {"app_label": "bootstrap4_utilities", "model": "bootstrap4spacing"}}, {"model": "sessions.session", "pk": "24gcxbqtg5jqrcspv2i499xkzyos326p", "fields": {"session_data": "Zjc2MzBhYzNlMmM4ODUyZDM5MTYwNDM2MWE3MGJkMDJiNTZkOTljMDp7Il9hdXRoX3VzZXJfYmFja2VuZCI6ImRqYW5nby5jb250cmliLmF1dGguYmFja2VuZHMuTW9kZWxCYWNrZW5kIiwiX2F1dGhfdXNlcl9oYXNoIjoiM2I4Y2ZiYTA3YmY4YTI1Mjc3N2UyZGNmNGQ3OWVmOGFlODQ2M2IwYSIsIl9hdXRoX3VzZXJfaWQiOiIxIn0=", "expire_date": "2019-01-21T01:29:05.311Z"}}, {"model": "sessions.session", "pk": "2lnwgnpf8df5awyq1ns1ysm1i3i8kmfk", "fields": {"session_data": "OGE1MzZjYzBiMThjYTczOTE4N2JhZTkxNzJkODNhMDNkNjY2ZmVjYzp7ImNtc19wcmV2aWV3IjpmYWxzZSwid2l6YXJkX3dpemFyZF9jcmVhdGVfdmlldyI6eyJzdGVwX2RhdGEiOnt9LCJleHRyYV9kYXRhIjp7fSwic3RlcCI6bnVsbCwic3RlcF9maWxlcyI6e319LCJjbXNfZWRpdCI6dHJ1ZSwiX2F1dGhfdXNlcl9oYXNoIjoiM2I4Y2ZiYTA3YmY4YTI1Mjc3N2UyZGNmNGQ3OWVmOGFlODQ2M2IwYSIsImZpbGVyX2xhc3RfZm9sZGVyX2lkIjoiMSIsIl9hdXRoX3VzZXJfaWQiOiIxIiwiX2F1dGhfdXNlcl9iYWNrZW5kIjoiZGphbmdvLmNvbnRyaWIuYXV0aC5iYWNrZW5kcy5Nb2RlbEJhY2tlbmQiLCJjbXNfdG9vbGJhcl9kaXNhYmxlZCI6ZmFsc2V9", "expire_date": "2019-01-13T15:47:55.124Z"}}, {"model": "sessions.session", "pk": "csbi1yrs4rkhpmn9augwwv245hxexjfb", "fields": {"session_data": "YWJlNmI5ZjQwMjA4YmMxMDc4YzEwZWIwNTZkYTY4Nzk2ZDQ5MzBlNjp7Il9hdXRoX3VzZXJfaWQiOiIxIiwiX2F1dGhfdXNlcl9oYXNoIjoiM2I4Y2ZiYTA3YmY4YTI1Mjc3N2UyZGNmNGQ3OWVmOGFlODQ2M2IwYSIsIl9hdXRoX3VzZXJfYmFja2VuZCI6ImRqYW5nby5jb250cmliLmF1dGguYmFja2VuZHMuTW9kZWxCYWNrZW5kIn0=", "expire_date": "2019-01-21T01:34:53.227Z"}}, {"model": "sessions.session", "pk": "lexnhzxrgas9jrrbnys5ok3ms7wdm2s3", "fields": {"session_data": "YWJlNmI5ZjQwMjA4YmMxMDc4YzEwZWIwNTZkYTY4Nzk2ZDQ5MzBlNjp7Il9hdXRoX3VzZXJfaWQiOiIxIiwiX2F1dGhfdXNlcl9oYXNoIjoiM2I4Y2ZiYTA3YmY4YTI1Mjc3N2UyZGNmNGQ3OWVmOGFlODQ2M2IwYSIsIl9hdXRoX3VzZXJfYmFja2VuZCI6ImRqYW5nby5jb250cmliLmF1dGguYmFja2VuZHMuTW9kZWxCYWNrZW5kIn0=", "expire_date": "2019-01-21T01:36:07.054Z"}}, {"model": "sessions.session", "pk": "m7m0rax80i4kn59t3tfy68sob83880td", "fields": {"session_data": "MGQwZmRmN2Q0NmRiMDg0YmNmYzQxZDE1NWJmYzUwNWQ1MTIwZTQ2Yjp7ImZpbGVyX2xhc3RfZm9sZGVyX2lkIjoiMSIsImNtc19lZGl0Ijp0cnVlLCJfYXV0aF91c2VyX2JhY2tlbmQiOiJkamFuZ28uY29udHJpYi5hdXRoLmJhY2tlbmRzLk1vZGVsQmFja2VuZCIsIl9hdXRoX3VzZXJfaGFzaCI6IjNiOGNmYmEwN2JmOGEyNTI3NzdlMmRjZjRkNzllZjhhZTg0NjNiMGEiLCJjbXNfcHJldmlldyI6ZmFsc2UsImNtc190b29sYmFyX2Rpc2FibGVkIjpmYWxzZSwiX2F1dGhfdXNlcl9pZCI6IjEifQ==", "expire_date": "2019-01-21T02:10:51.436Z"}}, {"model": "sessions.session", "pk": "uy43iikmucz20pdmbhtatvd30u99v4q9", "fields": {"session_data": "ZTM0MTllZjFjYzIwNTg5YzQ1NWNkZWY1Mjk3NTMzMzY1MjdlMjUwNDp7ImNtc19wcmV2aWV3Ijp0cnVlLCJjbXNfZWRpdCI6ZmFsc2UsIl9hdXRoX3VzZXJfaGFzaCI6IjNiOGNmYmEwN2JmOGEyNTI3NzdlMmRjZjRkNzllZjhhZTg0NjNiMGEiLCJmaWxlcl9sYXN0X2ZvbGRlcl9pZCI6IjEiLCJfYXV0aF91c2VyX2JhY2tlbmQiOiJkamFuZ28uY29udHJpYi5hdXRoLmJhY2tlbmRzLk1vZGVsQmFja2VuZCIsImNtc190b29sYmFyX2Rpc2FibGVkIjpmYWxzZSwiX2F1dGhfdXNlcl9pZCI6IjEifQ==", "expire_date": "2019-01-20T23:58:08.780Z"}}, {"model": "sessions.session", "pk": "xh1luj0i3hlgkys0ek40els3igjrynlc", "fields": {"session_data": "YWJlNmI5ZjQwMjA4YmMxMDc4YzEwZWIwNTZkYTY4Nzk2ZDQ5MzBlNjp7Il9hdXRoX3VzZXJfaWQiOiIxIiwiX2F1dGhfdXNlcl9oYXNoIjoiM2I4Y2ZiYTA3YmY4YTI1Mjc3N2UyZGNmNGQ3OWVmOGFlODQ2M2IwYSIsIl9hdXRoX3VzZXJfYmFja2VuZCI6ImRqYW5nby5jb250cmliLmF1dGguYmFja2VuZHMuTW9kZWxCYWNrZW5kIn0=", "expire_date": "2019-01-21T01:04:40.891Z"}}, {"model": "sites.site", "pk": 1, "fields": {"domain": "example.com", "name": "example.com"}}, {"model": "cms.treenode", "pk": 3, "fields": {"path": "0001", "depth": 1, "numchild": 0, "parent": null, "site": 1}}, {"model": "cms.treenode", "pk": 5, "fields": {"path": "0002", "depth": 1, "numchild": 1, "parent": null, "site": 1}}, {"model": "cms.treenode", "pk": 6, "fields": {"path": "00020001", "depth": 2, "numchild": 0, "parent": 5, "site": 1}}, {"model": "cms.treenode", "pk": 7, "fields": {"path": "0003", "depth": 1, "numchild": 0, "parent": null, "site": 1}}, {"model": "cms.page", "pk": 5, "fields": {"created_by": "admin", "changed_by": "admin", "creation_date": "2018-12-31T04:31:16.342Z", "changed_date": "2018-12-31T04:33:11.640Z", "publication_date": "2018-12-31T04:31:16.406Z", "publication_end_date": null, "in_navigation": true, "soft_root": false, "reverse_id": null, "navigation_extenders": null, "template": "home.html", "login_required": false, "limit_visibility_in_menu": null, "is_home": true, "application_urls": null, "application_namespace": null, "publisher_is_draft": true, "publisher_public": 6, "languages": "es", "xframe_options": 0, "is_page_type": false, "node": 3, "placeholders": [6, 8, 10]}}, {"model": "cms.page", "pk": 6, "fields": {"created_by": "admin", "changed_by": "admin", "creation_date": "2018-12-31T04:31:16.407Z", "changed_date": "2019-01-06T23:58:05.867Z", "publication_date": "2018-12-31T04:31:16.406Z", "publication_end_date": null, "in_navigation": true, "soft_root": false, "reverse_id": null, "navigation_extenders": null, "template": "home.html", "login_required": false, "limit_visibility_in_menu": null, "is_home": true, "application_urls": null, "application_namespace": null, "publisher_is_draft": false, "publisher_public": 5, "languages": "es", "xframe_options": 0, "is_page_type": false, "node": 3, "placeholders": [7, 9, 11]}}, {"model": "cms.page", "pk": 8, "fields": {"created_by": "admin", "changed_by": "admin", "creation_date": "2019-01-06T03:21:13.845Z", "changed_date": "2019-01-06T03:21:13.845Z", "publication_date": null, "publication_end_date": null, "in_navigation": false, "soft_root": false, "reverse_id": null, "navigation_extenders": null, "template": "INHERIT", "login_required": false, "limit_visibility_in_menu": null, "is_home": false, "application_urls": null, "application_namespace": null, "publisher_is_draft": true, "publisher_public": null, "languages": "es", "xframe_options": 0, "is_page_type": true, "node": 5, "placeholders": []}}, {"model": "cms.page", "pk": 9, "fields": {"created_by": "admin", "changed_by": "admin", "creation_date": "2019-01-06T03:21:13.905Z", "changed_date": "2019-01-06T03:21:14.245Z", "publication_date": null, "publication_end_date": null, "in_navigation": false, "soft_root": false, "reverse_id": null, "navigation_extenders": null, "template": "home.html", "login_required": false, "limit_visibility_in_menu": null, "is_home": false, "application_urls": null, "application_namespace": null, "publisher_is_draft": true, "publisher_public": null, "languages": "es", "xframe_options": 0, "is_page_type": true, "node": 6, "placeholders": [19, 20, 21]}}, {"model": "cms.page", "pk": 10, "fields": {"created_by": "admin", "changed_by": "admin", "creation_date": "2019-01-06T06:07:51.309Z", "changed_date": "2019-01-06T06:07:51.596Z", "publication_date": "2019-01-06T06:08:30.278Z", "publication_end_date": null, "in_navigation": true, "soft_root": false, "reverse_id": null, "navigation_extenders": null, "template": "home.html", "login_required": false, "limit_visibility_in_menu": null, "is_home": false, "application_urls": null, "application_namespace": null, "publisher_is_draft": true, "publisher_public": 11, "languages": "es", "xframe_options": 0, "is_page_type": false, "node": 7, "placeholders": [22, 23, 24]}}, {"model": "cms.page", "pk": 11, "fields": {"created_by": "admin", "changed_by": "admin", "creation_date": "2019-01-06T06:08:30.279Z", "changed_date": "2019-01-06T06:08:30.279Z", "publication_date": "2019-01-06T06:08:30.278Z", "publication_end_date": null, "in_navigation": true, "soft_root": false, "reverse_id": null, "navigation_extenders": null, "template": "home.html", "login_required": false, "limit_visibility_in_menu": null, "is_home": false, "application_urls": null, "application_namespace": null, "publisher_is_draft": false, "publisher_public": 10, "languages": "es", "xframe_options": 0, "is_page_type": false, "node": 7, "placeholders": [25, 26, 27]}}, {"model": "cms.placeholder", "pk": 1, "fields": {"slot": "clipboard", "default_width": null}}, {"model": "cms.placeholder", "pk": 6, "fields": {"slot": "content", "default_width": null}}, {"model": "cms.placeholder", "pk": 7, "fields": {"slot": "content", "default_width": null}}, {"model": "cms.placeholder", "pk": 8, "fields": {"slot": "video_intro", "default_width": null}}, {"model": "cms.placeholder", "pk": 9, "fields": {"slot": "video_intro", "default_width": null}}, {"model": "cms.placeholder", "pk": 10, "fields": {"slot": "messsage_main_video", "default_width": null}}, {"model": "cms.placeholder", "pk": 11, "fields": {"slot": "messsage_main_video", "default_width": null}}, {"model": "cms.placeholder", "pk": 13, "fields": {"slot": "footer", "default_width": null}}, {"model": "cms.placeholder", "pk": 14, "fields": {"slot": "footer", "default_width": null}}, {"model": "cms.placeholder", "pk": 15, "fields": {"slot": "logo-dark", "default_width": null}}, {"model": "cms.placeholder", "pk": 16, "fields": {"slot": "logo-dark", "default_width": null}}, {"model": "cms.placeholder", "pk": 17, "fields": {"slot": "logo", "default_width": null}}, {"model": "cms.placeholder", "pk": 18, "fields": {"slot": "logo", "default_width": null}}, {"model": "cms.placeholder", "pk": 19, "fields": {"slot": "content", "default_width": null}}, {"model": "cms.placeholder", "pk": 20, "fields": {"slot": "video_intro", "default_width": null}}, {"model": "cms.placeholder", "pk": 21, "fields": {"slot": "messsage_main_video", "default_width": null}}, {"model": "cms.placeholder", "pk": 22, "fields": {"slot": "content", "default_width": null}}, {"model": "cms.placeholder", "pk": 23, "fields": {"slot": "video_intro", "default_width": null}}, {"model": "cms.placeholder", "pk": 24, "fields": {"slot": "messsage_main_video", "default_width": null}}, {"model": "cms.placeholder", "pk": 25, "fields": {"slot": "content", "default_width": null}}, {"model": "cms.placeholder", "pk": 26, "fields": {"slot": "video_intro", "default_width": null}}, {"model": "cms.placeholder", "pk": 27, "fields": {"slot": "messsage_main_video", "default_width": null}}, {"model": "cms.cmsplugin", "pk": 116, "fields": {"path": "0007", "depth": 1, "numchild": 0, "placeholder": 8, "parent": null, "position": 0, "language": "es", "plugin_type": "TextPlugin", "creation_date": "2019-01-03T03:48:08.522Z", "changed_date": "2019-01-06T02:46:44.728Z"}}, {"model": "cms.cmsplugin", "pk": 118, "fields": {"path": "0009", "depth": 1, "numchild": 0, "placeholder": 10, "parent": null, "position": 0, "language": "es", "plugin_type": "TextPlugin", "creation_date": "2019-01-03T03:50:11.623Z", "changed_date": "2019-01-03T03:50:11.699Z"}}, {"model": "cms.cmsplugin", "pk": 119, "fields": {"path": "000A", "depth": 1, "numchild": 0, "placeholder": 10, "parent": null, "position": 1, "language": "es", "plugin_type": "TextPlugin", "creation_date": "2019-01-03T03:50:22.758Z", "changed_date": "2019-01-06T04:27:04.381Z"}}, {"model": "cms.cmsplugin", "pk": 134, "fields": {"path": "000D", "depth": 1, "numchild": 2, "placeholder": 13, "parent": null, "position": 0, "language": "es", "plugin_type": "StylePlugin", "creation_date": "2019-01-05T19:20:21.874Z", "changed_date": "2019-01-05T19:22:56.717Z"}}, {"model": "cms.cmsplugin", "pk": 135, "fields": {"path": "000D0001", "depth": 2, "numchild": 1, "placeholder": 13, "parent": 134, "position": 0, "language": "es", "plugin_type": "StylePlugin", "creation_date": "2019-01-05T19:22:38.138Z", "changed_date": "2019-01-05T19:22:38.156Z"}}, {"model": "cms.cmsplugin", "pk": 136, "fields": {"path": "000D00010001", "depth": 3, "numchild": 3, "placeholder": 13, "parent": 135, "position": 0, "language": "es", "plugin_type": "StylePlugin", "creation_date": "2019-01-05T19:24:02.384Z", "changed_date": "2019-01-06T02:08:54.800Z"}}, {"model": "cms.cmsplugin", "pk": 137, "fields": {"path": "000D000100010001", "depth": 4, "numchild": 1, "placeholder": 13, "parent": 136, "position": 0, "language": "es", "plugin_type": "StylePlugin", "creation_date": "2019-01-05T19:25:56.803Z", "changed_date": "2019-01-05T19:25:56.815Z"}}, {"model": "cms.cmsplugin", "pk": 141, "fields": {"path": "000D0001000100010001", "depth": 5, "numchild": 2, "placeholder": 13, "parent": 137, "position": 0, "language": "es", "plugin_type": "StylePlugin", "creation_date": "2019-01-05T19:27:53.223Z", "changed_date": "2019-01-05T19:27:53.250Z"}}, {"model": "cms.cmsplugin", "pk": 142, "fields": {"path": "000D00010001000100010001", "depth": 6, "numchild": 0, "placeholder": 13, "parent": 141, "position": 0, "language": "es", "plugin_type": "PicturePlugin", "creation_date": "2019-01-05T19:38:21.888Z", "changed_date": "2019-01-05T19:44:39.823Z"}}, {"model": "cms.cmsplugin", "pk": 163, "fields": {"path": "000D00010001000100010002", "depth": 6, "numchild": 1, "placeholder": 13, "parent": 141, "position": 1, "language": "es", "plugin_type": "StylePlugin", "creation_date": "2019-01-05T19:56:28.286Z", "changed_date": "2019-01-05T20:59:46.013Z"}}, {"model": "cms.cmsplugin", "pk": 175, "fields": {"path": "000D000100010001000100020001", "depth": 7, "numchild": 15, "placeholder": 13, "parent": 163, "position": 0, "language": "es", "plugin_type": "StylePlugin", "creation_date": "2019-01-05T21:07:30.549Z", "changed_date": "2019-01-06T02:02:08.594Z"}}, {"model": "cms.cmsplugin", "pk": 176, "fields": {"path": "000D0001000100010001000200010001", "depth": 8, "numchild": 0, "placeholder": 13, "parent": 175, "position": 0, "language": "es", "plugin_type": "TextPlugin", "creation_date": "2019-01-05T21:07:39.818Z", "changed_date": "2019-01-05T21:07:39.966Z"}}, {"model": "cms.cmsplugin", "pk": 177, "fields": {"path": "000D0001000100010001000200010002", "depth": 8, "numchild": 0, "placeholder": 13, "parent": 175, "position": 1, "language": "es", "plugin_type": "TextPlugin", "creation_date": "2019-01-05T21:22:09.870Z", "changed_date": "2019-01-05T21:22:09.983Z"}}, {"model": "cms.cmsplugin", "pk": 178, "fields": {"path": "000D0001000100010001000200010003", "depth": 8, "numchild": 0, "placeholder": 13, "parent": 175, "position": 2, "language": "es", "plugin_type": "TextPlugin", "creation_date": "2019-01-05T22:04:58.918Z", "changed_date": "2019-01-05T22:04:59.049Z"}}, {"model": "cms.cmsplugin", "pk": 179, "fields": {"path": "000D0001000100010001000200010004", "depth": 8, "numchild": 0, "placeholder": 13, "parent": 175, "position": 3, "language": "es", "plugin_type": "TextPlugin", "creation_date": "2019-01-05T22:07:26.860Z", "changed_date": "2019-01-05T22:07:26.987Z"}}, {"model": "cms.cmsplugin", "pk": 180, "fields": {"path": "000D0001000100010001000200010005", "depth": 8, "numchild": 0, "placeholder": 13, "parent": 175, "position": 4, "language": "es", "plugin_type": "TextPlugin", "creation_date": "2019-01-05T22:38:30.863Z", "changed_date": "2019-01-05T22:38:31.019Z"}}, {"model": "cms.cmsplugin", "pk": 181, "fields": {"path": "000D0001000100010001000200010006", "depth": 8, "numchild": 0, "placeholder": 13, "parent": 175, "position": 5, "language": "es", "plugin_type": "TextPlugin", "creation_date": "2019-01-05T22:44:59.521Z", "changed_date": "2019-01-05T22:44:59.631Z"}}, {"model": "cms.cmsplugin", "pk": 182, "fields": {"path": "000D0001000100010001000200010007", "depth": 8, "numchild": 0, "placeholder": 13, "parent": 175, "position": 6, "language": "es", "plugin_type": "TextPlugin", "creation_date": "2019-01-05T22:53:37.727Z", "changed_date": "2019-01-05T22:53:37.815Z"}}, {"model": "cms.cmsplugin", "pk": 228, "fields": {"path": "000D0001000100010001000200010008", "depth": 8, "numchild": 0, "placeholder": 13, "parent": 175, "position": 7, "language": "es", "plugin_type": "TextPlugin", "creation_date": "2019-01-06T00:24:55.724Z", "changed_date": "2019-01-06T00:24:55.837Z"}}, {"model": "cms.cmsplugin", "pk": 229, "fields": {"path": "000D0001000100010001000200010009", "depth": 8, "numchild": 0, "placeholder": 13, "parent": 175, "position": 8, "language": "es", "plugin_type": "TextPlugin", "creation_date": "2019-01-06T00:25:21.875Z", "changed_date": "2019-01-06T00:25:22.031Z"}}, {"model": "cms.cmsplugin", "pk": 230, "fields": {"path": "000D000100010001000100020001000A", "depth": 8, "numchild": 0, "placeholder": 13, "parent": 175, "position": 9, "language": "es", "plugin_type": "TextPlugin", "creation_date": "2019-01-06T00:26:46.681Z", "changed_date": "2019-01-06T00:26:46.790Z"}}, {"model": "cms.cmsplugin", "pk": 231, "fields": {"path": "000D000100010001000100020001000B", "depth": 8, "numchild": 1, "placeholder": 13, "parent": 175, "position": 10, "language": "es", "plugin_type": "TextPlugin", "creation_date": "2019-01-06T00:37:36.802Z", "changed_date": "2019-01-06T00:37:36.953Z"}}, {"model": "cms.cmsplugin", "pk": 232, "fields": {"path": "000D000100010001000100020001000B0001", "depth": 9, "numchild": 0, "placeholder": 13, "parent": 231, "position": 0, "language": "es", "plugin_type": "IconPlugin", "creation_date": "2019-01-06T00:38:01.048Z", "changed_date": "2019-01-06T00:38:01.058Z"}}, {"model": "cms.cmsplugin", "pk": 233, "fields": {"path": "000D000100010001000100020001000C", "depth": 8, "numchild": 1, "placeholder": 13, "parent": 175, "position": 11, "language": "es", "plugin_type": "TextPlugin", "creation_date": "2019-01-06T00:47:08.489Z", "changed_date": "2019-01-06T00:47:08.594Z"}}, {"model": "cms.cmsplugin", "pk": 234, "fields": {"path": "000D000100010001000100020001000C0001", "depth": 9, "numchild": 0, "placeholder": 13, "parent": 233, "position": 0, "language": "es", "plugin_type": "IconPlugin", "creation_date": "2019-01-06T00:47:23.896Z", "changed_date": "2019-01-06T00:47:23.907Z"}}, {"model": "cms.cmsplugin", "pk": 353, "fields": {"path": "000D000100010001000100020001000D", "depth": 8, "numchild": 1, "placeholder": 13, "parent": 175, "position": 12, "language": "es", "plugin_type": "TextPlugin", "creation_date": "2019-01-06T01:17:45.739Z", "changed_date": "2019-01-06T01:17:45.866Z"}}, {"model": "cms.cmsplugin", "pk": 354, "fields": {"path": "000D000100010001000100020001000D0001", "depth": 9, "numchild": 0, "placeholder": 13, "parent": 353, "position": 0, "language": "es", "plugin_type": "IconPlugin", "creation_date": "2019-01-06T01:18:03.820Z", "changed_date": "2019-01-06T01:18:03.829Z"}}, {"model": "cms.cmsplugin", "pk": 355, "fields": {"path": "000D000100010001000100020001000E", "depth": 8, "numchild": 1, "placeholder": 13, "parent": 175, "position": 13, "language": "es", "plugin_type": "TextPlugin", "creation_date": "2019-01-06T01:22:24.386Z", "changed_date": "2019-01-06T01:22:24.477Z"}}, {"model": "cms.cmsplugin", "pk": 356, "fields": {"path": "000D000100010001000100020001000E0001", "depth": 9, "numchild": 0, "placeholder": 13, "parent": 355, "position": 0, "language": "es", "plugin_type": "IconPlugin", "creation_date": "2019-01-06T01:22:43.775Z", "changed_date": "2019-01-06T01:22:43.784Z"}}, {"model": "cms.cmsplugin", "pk": 522, "fields": {"path": "000D000100010001000100020001000F", "depth": 8, "numchild": 2, "placeholder": 13, "parent": 175, "position": 14, "language": "es", "plugin_type": "TextPlugin", "creation_date": "2019-01-06T02:02:35.611Z", "changed_date": "2019-01-06T06:11:42.765Z"}}, {"model": "cms.cmsplugin", "pk": 523, "fields": {"path": "000D000100010001000100020001000F0001", "depth": 9, "numchild": 0, "placeholder": 13, "parent": 522, "position": 0, "language": "es", "plugin_type": "IconPlugin", "creation_date": "2019-01-06T02:03:00.417Z", "changed_date": "2019-01-06T02:03:00.431Z"}}, {"model": "cms.cmsplugin", "pk": 556, "fields": {"path": "000D000100010001000100020001000F0002", "depth": 9, "numchild": 0, "placeholder": 13, "parent": 522, "position": 1, "language": "es", "plugin_type": "IconPlugin", "creation_date": "2019-01-06T02:06:16.627Z", "changed_date": "2019-01-06T02:06:16.640Z"}}, {"model": "cms.cmsplugin", "pk": 616, "fields": {"path": "000D000100010002", "depth": 4, "numchild": 1, "placeholder": 13, "parent": 136, "position": 1, "language": "es", "plugin_type": "StylePlugin", "creation_date": "2019-01-05T19:25:56.803Z", "changed_date": "2019-01-06T02:09:28.517Z"}}, {"model": "cms.cmsplugin", "pk": 617, "fields": {"path": "000D0001000100020001", "depth": 5, "numchild": 1, "placeholder": 13, "parent": 616, "position": 0, "language": "es", "plugin_type": "StylePlugin", "creation_date": "2019-01-05T19:27:53.223Z", "changed_date": "2019-01-06T02:10:34.915Z"}}, {"model": "cms.cmsplugin", "pk": 642, "fields": {"path": "000D000100010003", "depth": 4, "numchild": 1, "placeholder": 13, "parent": 136, "position": 2, "language": "es", "plugin_type": "StylePlugin", "creation_date": "2019-01-05T19:25:56.803Z", "changed_date": "2019-01-06T02:13:33.633Z"}}, {"model": "cms.cmsplugin", "pk": 643, "fields": {"path": "000D0001000100030001", "depth": 5, "numchild": 2, "placeholder": 13, "parent": 642, "position": 0, "language": "es", "plugin_type": "StylePlugin", "creation_date": "2019-01-05T19:27:53.223Z", "changed_date": "2019-01-06T02:25:58.617Z"}}, {"model": "cms.cmsplugin", "pk": 668, "fields": {"path": "000D00010001000200010001", "depth": 6, "numchild": 0, "placeholder": 13, "parent": 617, "position": 0, "language": "es", "plugin_type": "TextPlugin", "creation_date": "2019-01-06T02:10:49.117Z", "changed_date": "2019-01-06T02:11:21.822Z"}}, {"model": "cms.cmsplugin", "pk": 767, "fields": {"path": "000D00010001000300010001", "depth": 6, "numchild": 0, "placeholder": 13, "parent": 643, "position": 0, "language": "es", "plugin_type": "TextPlugin", "creation_date": "2019-01-06T02:16:25.913Z", "changed_date": "2019-01-06T02:17:23.995Z"}}, {"model": "cms.cmsplugin", "pk": 884, "fields": {"path": "000D00010001000300010002", "depth": 6, "numchild": 0, "placeholder": 13, "parent": 643, "position": 1, "language": "es", "plugin_type": "TextPlugin", "creation_date": "2019-01-06T02:26:05.442Z", "changed_date": "2019-01-06T02:26:17.593Z"}}, {"model": "cms.cmsplugin", "pk": 923, "fields": {"path": "000D0002", "depth": 2, "numchild": 1, "placeholder": 13, "parent": 134, "position": 1, "language": "es", "plugin_type": "StylePlugin", "creation_date": "2019-01-06T02:32:20.268Z", "changed_date": "2019-01-06T02:32:20.281Z"}}, {"model": "cms.cmsplugin", "pk": 924, "fields": {"path": "000D00020001", "depth": 3, "numchild": 2, "placeholder": 13, "parent": 923, "position": 0, "language": "es", "plugin_type": "StylePlugin", "creation_date": "2019-01-06T02:33:01.434Z", "changed_date": "2019-01-06T02:33:01.449Z"}}, {"model": "cms.cmsplugin", "pk": 925, "fields": {"path": "000D000200010001", "depth": 4, "numchild": 2, "placeholder": 13, "parent": 924, "position": 0, "language": "es", "plugin_type": "StylePlugin", "creation_date": "2019-01-06T02:34:30.215Z", "changed_date": "2019-01-06T02:34:30.233Z"}}, {"model": "cms.cmsplugin", "pk": 926, "fields": {"path": "000D0002000100010001", "depth": 5, "numchild": 0, "placeholder": 13, "parent": 925, "position": 0, "language": "es", "plugin_type": "TextPlugin", "creation_date": "2019-01-06T02:34:38.691Z", "changed_date": "2019-01-06T02:44:22.778Z"}}, {"model": "cms.cmsplugin", "pk": 927, "fields": {"path": "000D0002000100010002", "depth": 5, "numchild": 1, "placeholder": 13, "parent": 925, "position": 1, "language": "es", "plugin_type": "StylePlugin", "creation_date": "2019-01-06T02:35:33.838Z", "changed_date": "2019-01-06T02:35:33.853Z"}}, {"model": "cms.cmsplugin", "pk": 928, "fields": {"path": "000D00020001000100020001", "depth": 6, "numchild": 0, "placeholder": 13, "parent": 927, "position": 0, "language": "es", "plugin_type": "TextPlugin", "creation_date": "2019-01-06T02:35:38.434Z", "changed_date": "2019-01-06T02:39:40.461Z"}}, {"model": "cms.cmsplugin", "pk": 929, "fields": {"path": "000D000200010002", "depth": 4, "numchild": 1, "placeholder": 13, "parent": 924, "position": 1, "language": "es", "plugin_type": "StylePlugin", "creation_date": "2019-01-06T02:42:02.578Z", "changed_date": "2019-01-06T02:42:02.594Z"}}, {"model": "cms.cmsplugin", "pk": 930, "fields": {"path": "000D0002000100020001", "depth": 5, "numchild": 1, "placeholder": 13, "parent": 929, "position": 0, "language": "es", "plugin_type": "TextPlugin", "creation_date": "2019-01-06T02:42:07.367Z", "changed_date": "2019-01-06T02:42:44.387Z"}}, {"model": "cms.cmsplugin", "pk": 931, "fields": {"path": "000D00020001000200010001", "depth": 6, "numchild": 0, "placeholder": 13, "parent": 930, "position": 0, "language": "es", "plugin_type": "IconPlugin", "creation_date": "2019-01-06T02:42:32.951Z", "changed_date": "2019-01-06T02:42:32.961Z"}}, {"model": "cms.cmsplugin", "pk": 1037, "fields": {"path": "002P", "depth": 1, "numchild": 0, "placeholder": 15, "parent": null, "position": 0, "language": "es", "plugin_type": "TextPlugin", "creation_date": "2019-01-06T03:12:53.902Z", "changed_date": "2019-01-06T03:13:45.242Z"}}, {"model": "cms.cmsplugin", "pk": 1042, "fields": {"path": "002U", "depth": 1, "numchild": 0, "placeholder": 16, "parent": null, "position": 0, "language": "es", "plugin_type": "TextPlugin", "creation_date": "2019-01-06T03:12:53.902Z", "changed_date": "2019-01-06T03:14:00.698Z"}}, {"model": "cms.cmsplugin", "pk": 1046, "fields": {"path": "002W", "depth": 1, "numchild": 0, "placeholder": 20, "parent": null, "position": 0, "language": "es", "plugin_type": "TextPlugin", "creation_date": "2019-01-03T03:48:08.522Z", "changed_date": "2019-01-06T03:21:14.145Z"}}, {"model": "cms.cmsplugin", "pk": 1047, "fields": {"path": "002X", "depth": 1, "numchild": 0, "placeholder": 21, "parent": null, "position": 1, "language": "es", "plugin_type": "TextPlugin", "creation_date": "2019-01-03T03:50:22.758Z", "changed_date": "2019-01-06T03:21:14.186Z"}}, {"model": "cms.cmsplugin", "pk": 1048, "fields": {"path": "002Y", "depth": 1, "numchild": 1, "placeholder": 6, "parent": null, "position": 0, "language": "es", "plugin_type": "StylePlugin", "creation_date": "2019-01-06T03:48:37.369Z", "changed_date": "2019-01-06T03:55:22.378Z"}}, {"model": "cms.cmsplugin", "pk": 1049, "fields": {"path": "002Y0001", "depth": 2, "numchild": 2, "placeholder": 6, "parent": 1048, "position": 0, "language": "es", "plugin_type": "StylePlugin", "creation_date": "2019-01-06T03:56:41.974Z", "changed_date": "2019-01-06T03:56:42.057Z"}}, {"model": "cms.cmsplugin", "pk": 1050, "fields": {"path": "002Y00010001", "depth": 3, "numchild": 1, "placeholder": 6, "parent": 1049, "position": 0, "language": "es", "plugin_type": "StylePlugin", "creation_date": "2019-01-06T03:57:41.938Z", "changed_date": "2019-01-06T03:57:41.955Z"}}, {"model": "cms.cmsplugin", "pk": 1051, "fields": {"path": "002Y000100010001", "depth": 4, "numchild": 0, "placeholder": 6, "parent": 1050, "position": 0, "language": "es", "plugin_type": "TextPlugin", "creation_date": "2019-01-06T03:57:46.996Z", "changed_date": "2019-01-06T03:59:08.951Z"}}, {"model": "cms.cmsplugin", "pk": 1052, "fields": {"path": "002Y00010002", "depth": 3, "numchild": 0, "placeholder": 6, "parent": 1049, "position": 1, "language": "es", "plugin_type": "TextPlugin", "creation_date": "2019-01-06T03:59:31.935Z", "changed_date": "2019-01-06T04:00:38.925Z"}}, {"model": "cms.cmsplugin", "pk": 1060, "fields": {"path": "0032", "depth": 1, "numchild": 0, "placeholder": 17, "parent": null, "position": 0, "language": "es", "plugin_type": "TextPlugin", "creation_date": "2019-01-06T04:10:25.470Z", "changed_date": "2019-01-06T04:19:24.528Z"}}, {"model": "cms.cmsplugin", "pk": 1076, "fields": {"path": "003A", "depth": 1, "numchild": 0, "placeholder": 18, "parent": null, "position": 0, "language": "es", "plugin_type": "TextPlugin", "creation_date": "2019-01-06T04:10:25.470Z", "changed_date": "2019-01-06T04:19:28.248Z"}}, {"model": "cms.cmsplugin", "pk": 1105, "fields": {"path": "003E", "depth": 1, "numchild": 1, "placeholder": 6, "parent": null, "position": 1, "language": "es", "plugin_type": "StylePlugin", "creation_date": "2019-01-06T04:31:16.324Z", "changed_date": "2019-01-06T05:18:48.833Z"}}, {"model": "cms.cmsplugin", "pk": 1167, "fields": {"path": "003E0003", "depth": 2, "numchild": 7, "placeholder": 6, "parent": 1105, "position": 1, "language": "es", "plugin_type": "StylePlugin", "creation_date": "2019-01-06T04:32:04.183Z", "changed_date": "2019-01-06T05:06:09.910Z"}}, {"model": "cms.cmsplugin", "pk": 1168, "fields": {"path": "003E00030002", "depth": 3, "numchild": 1, "placeholder": 6, "parent": 1167, "position": 0, "language": "es", "plugin_type": "StylePlugin", "creation_date": "2019-01-06T04:32:46.178Z", "changed_date": "2019-01-06T05:07:10.915Z"}}, {"model": "cms.cmsplugin", "pk": 1169, "fields": {"path": "003E000300020001", "depth": 4, "numchild": 0, "placeholder": 6, "parent": 1168, "position": 1, "language": "es", "plugin_type": "TextPlugin", "creation_date": "2019-01-06T04:32:51.317Z", "changed_date": "2019-01-06T05:07:11.224Z"}}, {"model": "cms.cmsplugin", "pk": 1176, "fields": {"path": "003E00030003", "depth": 3, "numchild": 0, "placeholder": 6, "parent": 1167, "position": 1, "language": "es", "plugin_type": "StylePlugin", "creation_date": "2019-01-06T04:34:12.411Z", "changed_date": "2019-01-06T05:07:25.788Z"}}, {"model": "cms.cmsplugin", "pk": 1177, "fields": {"path": "003E00030004", "depth": 3, "numchild": 1, "placeholder": 6, "parent": 1167, "position": 2, "language": "es", "plugin_type": "StylePlugin", "creation_date": "2019-01-06T04:36:56.672Z", "changed_date": "2019-01-06T05:08:45.184Z"}}, {"model": "cms.cmsplugin", "pk": 1178, "fields": {"path": "003E000300040001", "depth": 4, "numchild": 2, "placeholder": 6, "parent": 1177, "position": 0, "language": "es", "plugin_type": "StylePlugin", "creation_date": "2019-01-06T04:38:45.954Z", "changed_date": "2019-01-06T05:08:26.594Z"}}, {"model": "cms.cmsplugin", "pk": 1179, "fields": {"path": "003E0003000400010001", "depth": 5, "numchild": 1, "placeholder": 6, "parent": 1178, "position": 0, "language": "es", "plugin_type": "StylePlugin", "creation_date": "2019-01-06T04:53:49.488Z", "changed_date": "2019-01-06T05:08:26.609Z"}}, {"model": "cms.cmsplugin", "pk": 1180, "fields": {"path": "003E00030004000100010001", "depth": 6, "numchild": 1, "placeholder": 6, "parent": 1179, "position": 0, "language": "es", "plugin_type": "TextPlugin", "creation_date": "2019-01-06T04:54:03.565Z", "changed_date": "2019-01-06T05:30:56.468Z"}}, {"model": "cms.cmsplugin", "pk": 1182, "fields": {"path": "003E0003000400010002", "depth": 5, "numchild": 0, "placeholder": 6, "parent": 1178, "position": 1, "language": "es", "plugin_type": "TextPlugin", "creation_date": "2019-01-06T04:55:23.921Z", "changed_date": "2019-01-06T05:08:26.753Z"}}, {"model": "cms.cmsplugin", "pk": 1236, "fields": {"path": "003E000300040001000100010001", "depth": 7, "numchild": 0, "placeholder": 6, "parent": 1180, "position": 0, "language": "es", "plugin_type": "IconPlugin", "creation_date": "2019-01-06T05:30:52.684Z", "changed_date": "2019-01-06T05:30:52.693Z"}}, {"model": "cms.cmsplugin", "pk": 1243, "fields": {"path": "003E00030005", "depth": 3, "numchild": 1, "placeholder": 6, "parent": 1167, "position": 3, "language": "es", "plugin_type": "StylePlugin", "creation_date": "2019-01-06T04:36:56.672Z", "changed_date": "2019-01-06T05:31:21.208Z"}}, {"model": "cms.cmsplugin", "pk": 1244, "fields": {"path": "003E000300050001", "depth": 4, "numchild": 2, "placeholder": 6, "parent": 1243, "position": 0, "language": "es", "plugin_type": "StylePlugin", "creation_date": "2019-01-06T04:38:45.954Z", "changed_date": "2019-01-06T05:31:21.228Z"}}, {"model": "cms.cmsplugin", "pk": 1245, "fields": {"path": "003E0003000500010001", "depth": 5, "numchild": 1, "placeholder": 6, "parent": 1244, "position": 0, "language": "es", "plugin_type": "StylePlugin", "creation_date": "2019-01-06T04:53:49.488Z", "changed_date": "2019-01-06T05:31:21.242Z"}}, {"model": "cms.cmsplugin", "pk": 1246, "fields": {"path": "003E00030005000100010001", "depth": 6, "numchild": 1, "placeholder": 6, "parent": 1245, "position": 0, "language": "es", "plugin_type": "TextPlugin", "creation_date": "2019-01-06T04:54:03.565Z", "changed_date": "2019-01-06T05:54:55.055Z"}}, {"model": "cms.cmsplugin", "pk": 1247, "fields": {"path": "003E000300050001000100010001", "depth": 7, "numchild": 0, "placeholder": 6, "parent": 1246, "position": 0, "language": "es", "plugin_type": "IconPlugin", "creation_date": "2019-01-06T05:30:52.684Z", "changed_date": "2019-01-06T05:54:50.797Z"}}, {"model": "cms.cmsplugin", "pk": 1248, "fields": {"path": "003E0003000500010002", "depth": 5, "numchild": 0, "placeholder": 6, "parent": 1244, "position": 1, "language": "es", "plugin_type": "TextPlugin", "creation_date": "2019-01-06T04:55:23.921Z", "changed_date": "2019-01-06T05:56:32.196Z"}}, {"model": "cms.cmsplugin", "pk": 1249, "fields": {"path": "003E00030006", "depth": 3, "numchild": 1, "placeholder": 6, "parent": 1167, "position": 4, "language": "es", "plugin_type": "StylePlugin", "creation_date": "2019-01-06T04:36:56.672Z", "changed_date": "2019-01-06T05:33:33.659Z"}}, {"model": "cms.cmsplugin", "pk": 1250, "fields": {"path": "003E000300060001", "depth": 4, "numchild": 2, "placeholder": 6, "parent": 1249, "position": 0, "language": "es", "plugin_type": "StylePlugin", "creation_date": "2019-01-06T04:38:45.954Z", "changed_date": "2019-01-06T05:31:24.536Z"}}, {"model": "cms.cmsplugin", "pk": 1251, "fields": {"path": "003E0003000600010001", "depth": 5, "numchild": 1, "placeholder": 6, "parent": 1250, "position": 0, "language": "es", "plugin_type": "StylePlugin", "creation_date": "2019-01-06T04:53:49.488Z", "changed_date": "2019-01-06T05:31:24.553Z"}}, {"model": "cms.cmsplugin", "pk": 1252, "fields": {"path": "003E00030006000100010001", "depth": 6, "numchild": 1, "placeholder": 6, "parent": 1251, "position": 0, "language": "es", "plugin_type": "TextPlugin", "creation_date": "2019-01-06T04:54:03.565Z", "changed_date": "2019-01-06T05:31:24.661Z"}}, {"model": "cms.cmsplugin", "pk": 1253, "fields": {"path": "003E000300060001000100010001", "depth": 7, "numchild": 0, "placeholder": 6, "parent": 1252, "position": 0, "language": "es", "plugin_type": "IconPlugin", "creation_date": "2019-01-06T05:30:52.684Z", "changed_date": "2019-01-06T05:58:18.048Z"}}, {"model": "cms.cmsplugin", "pk": 1254, "fields": {"path": "003E0003000600010002", "depth": 5, "numchild": 0, "placeholder": 6, "parent": 1250, "position": 1, "language": "es", "plugin_type": "TextPlugin", "creation_date": "2019-01-06T04:55:23.921Z", "changed_date": "2019-01-06T05:57:23.862Z"}}, {"model": "cms.cmsplugin", "pk": 1321, "fields": {"path": "003Y", "depth": 1, "numchild": 1, "placeholder": 1, "parent": null, "position": 0, "language": "es", "plugin_type": "StylePlugin", "creation_date": "2019-01-06T04:36:56.672Z", "changed_date": "2019-01-06T05:36:41.441Z"}}, {"model": "cms.cmsplugin", "pk": 1322, "fields": {"path": "003Y0001", "depth": 2, "numchild": 2, "placeholder": 1, "parent": 1321, "position": 0, "language": "es", "plugin_type": "StylePlugin", "creation_date": "2019-01-06T04:38:45.954Z", "changed_date": "2019-01-06T05:36:13.717Z"}}, {"model": "cms.cmsplugin", "pk": 1323, "fields": {"path": "003Y00010001", "depth": 3, "numchild": 1, "placeholder": 1, "parent": 1322, "position": 0, "language": "es", "plugin_type": "StylePlugin", "creation_date": "2019-01-06T04:53:49.488Z", "changed_date": "2019-01-06T05:36:13.737Z"}}, {"model": "cms.cmsplugin", "pk": 1324, "fields": {"path": "003Y000100010001", "depth": 4, "numchild": 1, "placeholder": 1, "parent": 1323, "position": 0, "language": "es", "plugin_type": "TextPlugin", "creation_date": "2019-01-06T04:54:03.565Z", "changed_date": "2019-01-06T05:36:13.864Z"}}, {"model": "cms.cmsplugin", "pk": 1325, "fields": {"path": "003Y0001000100010001", "depth": 5, "numchild": 0, "placeholder": 1, "parent": 1324, "position": 0, "language": "es", "plugin_type": "IconPlugin", "creation_date": "2019-01-06T05:30:52.684Z", "changed_date": "2019-01-06T05:36:13.799Z"}}, {"model": "cms.cmsplugin", "pk": 1326, "fields": {"path": "003Y00010002", "depth": 3, "numchild": 0, "placeholder": 1, "parent": 1322, "position": 1, "language": "es", "plugin_type": "TextPlugin", "creation_date": "2019-01-06T04:55:23.921Z", "changed_date": "2019-01-06T05:36:13.888Z"}}, {"model": "cms.cmsplugin", "pk": 1363, "fields": {"path": "003E00030008", "depth": 3, "numchild": 0, "placeholder": 6, "parent": 1167, "position": 5, "language": "es", "plugin_type": "StylePlugin", "creation_date": "2019-01-06T05:52:12.340Z", "changed_date": "2019-01-06T05:52:12.363Z"}}, {"model": "cms.cmsplugin", "pk": 1364, "fields": {"path": "003E00030009", "depth": 3, "numchild": 1, "placeholder": 6, "parent": 1167, "position": 6, "language": "es", "plugin_type": "StylePlugin", "creation_date": "2019-01-06T04:36:56.672Z", "changed_date": "2019-01-06T05:53:58.987Z"}}, {"model": "cms.cmsplugin", "pk": 1365, "fields": {"path": "003E000300090001", "depth": 4, "numchild": 2, "placeholder": 6, "parent": 1364, "position": 0, "language": "es", "plugin_type": "StylePlugin", "creation_date": "2019-01-06T04:38:45.954Z", "changed_date": "2019-01-06T05:52:24.912Z"}}, {"model": "cms.cmsplugin", "pk": 1366, "fields": {"path": "003E0003000900010001", "depth": 5, "numchild": 1, "placeholder": 6, "parent": 1365, "position": 0, "language": "es", "plugin_type": "StylePlugin", "creation_date": "2019-01-06T04:53:49.488Z", "changed_date": "2019-01-06T05:52:24.932Z"}}, {"model": "cms.cmsplugin", "pk": 1367, "fields": {"path": "003E00030009000100010001", "depth": 6, "numchild": 1, "placeholder": 6, "parent": 1366, "position": 0, "language": "es", "plugin_type": "TextPlugin", "creation_date": "2019-01-06T04:54:03.565Z", "changed_date": "2019-01-06T05:52:25.068Z"}}, {"model": "cms.cmsplugin", "pk": 1368, "fields": {"path": "003E000300090001000100010001", "depth": 7, "numchild": 0, "placeholder": 6, "parent": 1367, "position": 0, "language": "es", "plugin_type": "IconPlugin", "creation_date": "2019-01-06T05:30:52.684Z", "changed_date": "2019-01-06T05:59:08.171Z"}}, {"model": "cms.cmsplugin", "pk": 1369, "fields": {"path": "003E0003000900010002", "depth": 5, "numchild": 0, "placeholder": 6, "parent": 1365, "position": 1, "language": "es", "plugin_type": "TextPlugin", "creation_date": "2019-01-06T04:55:23.921Z", "changed_date": "2019-01-06T05:59:23.313Z"}}, {"model": "cms.cmsplugin", "pk": 1520, "fields": {"path": "0043", "depth": 1, "numchild": 0, "placeholder": 23, "parent": null, "position": 0, "language": "es", "plugin_type": "TextPlugin", "creation_date": "2019-01-03T03:48:08.522Z", "changed_date": "2019-01-06T06:07:51.536Z"}}, {"model": "cms.cmsplugin", "pk": 1521, "fields": {"path": "0044", "depth": 1, "numchild": 0, "placeholder": 24, "parent": null, "position": 1, "language": "es", "plugin_type": "TextPlugin", "creation_date": "2019-01-03T03:50:22.758Z", "changed_date": "2019-01-06T06:07:51.566Z"}}, {"model": "cms.cmsplugin", "pk": 1522, "fields": {"path": "0045", "depth": 1, "numchild": 0, "placeholder": 26, "parent": null, "position": 0, "language": "es", "plugin_type": "TextPlugin", "creation_date": "2019-01-03T03:48:08.522Z", "changed_date": "2019-01-06T06:08:30.370Z"}}, {"model": "cms.cmsplugin", "pk": 1523, "fields": {"path": "0046", "depth": 1, "numchild": 0, "placeholder": 27, "parent": null, "position": 1, "language": "es", "plugin_type": "TextPlugin", "creation_date": "2019-01-03T03:50:22.758Z", "changed_date": "2019-01-06T06:08:30.415Z"}}, {"model": "cms.cmsplugin", "pk": 1606, "fields": {"path": "004C", "depth": 1, "numchild": 2, "placeholder": 14, "parent": null, "position": 0, "language": "es", "plugin_type": "StylePlugin", "creation_date": "2019-01-05T19:20:21.874Z", "changed_date": "2019-01-06T06:11:49.330Z"}}, {"model": "cms.cmsplugin", "pk": 1607, "fields": {"path": "004C0001", "depth": 2, "numchild": 1, "placeholder": 14, "parent": 1606, "position": 0, "language": "es", "plugin_type": "StylePlugin", "creation_date": "2019-01-05T19:22:38.138Z", "changed_date": "2019-01-06T06:11:49.343Z"}}, {"model": "cms.cmsplugin", "pk": 1608, "fields": {"path": "004C00010001", "depth": 3, "numchild": 3, "placeholder": 14, "parent": 1607, "position": 0, "language": "es", "plugin_type": "StylePlugin", "creation_date": "2019-01-05T19:24:02.384Z", "changed_date": "2019-01-06T06:11:49.356Z"}}, {"model": "cms.cmsplugin", "pk": 1609, "fields": {"path": "004C000100010001", "depth": 4, "numchild": 1, "placeholder": 14, "parent": 1608, "position": 0, "language": "es", "plugin_type": "StylePlugin", "creation_date": "2019-01-05T19:25:56.803Z", "changed_date": "2019-01-06T06:11:49.372Z"}}, {"model": "cms.cmsplugin", "pk": 1610, "fields": {"path": "004C0001000100010001", "depth": 5, "numchild": 2, "placeholder": 14, "parent": 1609, "position": 0, "language": "es", "plugin_type": "StylePlugin", "creation_date": "2019-01-05T19:27:53.223Z", "changed_date": "2019-01-06T06:11:49.383Z"}}, {"model": "cms.cmsplugin", "pk": 1611, "fields": {"path": "004C00010001000100010001", "depth": 6, "numchild": 0, "placeholder": 14, "parent": 1610, "position": 0, "language": "es", "plugin_type": "PicturePlugin", "creation_date": "2019-01-05T19:38:21.888Z", "changed_date": "2019-01-06T06:11:49.398Z"}}, {"model": "cms.cmsplugin", "pk": 1612, "fields": {"path": "004C00010001000100010002", "depth": 6, "numchild": 1, "placeholder": 14, "parent": 1610, "position": 1, "language": "es", "plugin_type": "StylePlugin", "creation_date": "2019-01-05T19:56:28.286Z", "changed_date": "2019-01-06T06:11:49.417Z"}}, {"model": "cms.cmsplugin", "pk": 1613, "fields": {"path": "004C000100010001000100020001", "depth": 7, "numchild": 15, "placeholder": 14, "parent": 1612, "position": 0, "language": "es", "plugin_type": "StylePlugin", "creation_date": "2019-01-05T21:07:30.549Z", "changed_date": "2019-01-06T06:11:49.435Z"}}, {"model": "cms.cmsplugin", "pk": 1614, "fields": {"path": "004C0001000100010001000200010001", "depth": 8, "numchild": 0, "placeholder": 14, "parent": 1613, "position": 0, "language": "es", "plugin_type": "TextPlugin", "creation_date": "2019-01-06T06:11:49.443Z", "changed_date": "2019-01-06T06:11:49.444Z"}}, {"model": "cms.cmsplugin", "pk": 1615, "fields": {"path": "004C0001000100010001000200010002", "depth": 8, "numchild": 0, "placeholder": 14, "parent": 1613, "position": 0, "language": "es", "plugin_type": "TextPlugin", "creation_date": "2019-01-06T06:11:49.446Z", "changed_date": "2019-01-06T06:11:49.450Z"}}, {"model": "cms.cmsplugin", "pk": 1616, "fields": {"path": "004C0001000100010001000200010003", "depth": 8, "numchild": 0, "placeholder": 14, "parent": 1613, "position": 0, "language": "es", "plugin_type": "TextPlugin", "creation_date": "2019-01-06T06:11:49.454Z", "changed_date": "2019-01-06T06:11:49.458Z"}}, {"model": "cms.cmsplugin", "pk": 1617, "fields": {"path": "004C0001000100010001000200010004", "depth": 8, "numchild": 0, "placeholder": 14, "parent": 1613, "position": 0, "language": "es", "plugin_type": "TextPlugin", "creation_date": "2019-01-06T06:11:49.462Z", "changed_date": "2019-01-06T06:11:49.465Z"}}, {"model": "cms.cmsplugin", "pk": 1618, "fields": {"path": "004C0001000100010001000200010005", "depth": 8, "numchild": 0, "placeholder": 14, "parent": 1613, "position": 0, "language": "es", "plugin_type": "TextPlugin", "creation_date": "2019-01-06T06:11:49.467Z", "changed_date": "2019-01-06T06:11:49.473Z"}}, {"model": "cms.cmsplugin", "pk": 1619, "fields": {"path": "004C0001000100010001000200010006", "depth": 8, "numchild": 0, "placeholder": 14, "parent": 1613, "position": 0, "language": "es", "plugin_type": "TextPlugin", "creation_date": "2019-01-06T06:11:49.478Z", "changed_date": "2019-01-06T06:11:49.483Z"}}, {"model": "cms.cmsplugin", "pk": 1620, "fields": {"path": "004C0001000100010001000200010007", "depth": 8, "numchild": 0, "placeholder": 14, "parent": 1613, "position": 0, "language": "es", "plugin_type": "TextPlugin", "creation_date": "2019-01-06T06:11:49.488Z", "changed_date": "2019-01-06T06:11:49.495Z"}}, {"model": "cms.cmsplugin", "pk": 1621, "fields": {"path": "004C0001000100010001000200010008", "depth": 8, "numchild": 0, "placeholder": 14, "parent": 1613, "position": 0, "language": "es", "plugin_type": "TextPlugin", "creation_date": "2019-01-06T06:11:49.497Z", "changed_date": "2019-01-06T06:11:49.500Z"}}, {"model": "cms.cmsplugin", "pk": 1622, "fields": {"path": "004C0001000100010001000200010009", "depth": 8, "numchild": 0, "placeholder": 14, "parent": 1613, "position": 0, "language": "es", "plugin_type": "TextPlugin", "creation_date": "2019-01-06T06:11:49.505Z", "changed_date": "2019-01-06T06:11:49.511Z"}}, {"model": "cms.cmsplugin", "pk": 1623, "fields": {"path": "004C000100010001000100020001000A", "depth": 8, "numchild": 0, "placeholder": 14, "parent": 1613, "position": 0, "language": "es", "plugin_type": "TextPlugin", "creation_date": "2019-01-06T06:11:49.514Z", "changed_date": "2019-01-06T06:11:49.517Z"}}, {"model": "cms.cmsplugin", "pk": 1624, "fields": {"path": "004C000100010001000100020001000B", "depth": 8, "numchild": 1, "placeholder": 14, "parent": 1613, "position": 0, "language": "es", "plugin_type": "TextPlugin", "creation_date": "2019-01-06T06:11:49.520Z", "changed_date": "2019-01-06T06:11:49.526Z"}}, {"model": "cms.cmsplugin", "pk": 1625, "fields": {"path": "004C000100010001000100020001000B0001", "depth": 9, "numchild": 0, "placeholder": 14, "parent": 1624, "position": 0, "language": "es", "plugin_type": "IconPlugin", "creation_date": "2019-01-06T00:38:01.048Z", "changed_date": "2019-01-06T06:11:49.534Z"}}, {"model": "cms.cmsplugin", "pk": 1626, "fields": {"path": "004C000100010001000100020001000C", "depth": 8, "numchild": 1, "placeholder": 14, "parent": 1613, "position": 0, "language": "es", "plugin_type": "TextPlugin", "creation_date": "2019-01-06T06:11:49.543Z", "changed_date": "2019-01-06T06:11:49.546Z"}}, {"model": "cms.cmsplugin", "pk": 1627, "fields": {"path": "004C000100010001000100020001000C0001", "depth": 9, "numchild": 0, "placeholder": 14, "parent": 1626, "position": 0, "language": "es", "plugin_type": "IconPlugin", "creation_date": "2019-01-06T00:47:23.896Z", "changed_date": "2019-01-06T06:11:49.554Z"}}, {"model": "cms.cmsplugin", "pk": 1628, "fields": {"path": "004C000100010001000100020001000D", "depth": 8, "numchild": 1, "placeholder": 14, "parent": 1613, "position": 0, "language": "es", "plugin_type": "TextPlugin", "creation_date": "2019-01-06T06:11:49.562Z", "changed_date": "2019-01-06T06:11:49.565Z"}}, {"model": "cms.cmsplugin", "pk": 1629, "fields": {"path": "004C000100010001000100020001000D0001", "depth": 9, "numchild": 0, "placeholder": 14, "parent": 1628, "position": 0, "language": "es", "plugin_type": "IconPlugin", "creation_date": "2019-01-06T01:18:03.820Z", "changed_date": "2019-01-06T06:11:49.577Z"}}, {"model": "cms.cmsplugin", "pk": 1630, "fields": {"path": "004C000100010001000100020001000E", "depth": 8, "numchild": 1, "placeholder": 14, "parent": 1613, "position": 0, "language": "es", "plugin_type": "TextPlugin", "creation_date": "2019-01-06T06:11:49.584Z", "changed_date": "2019-01-06T06:11:49.590Z"}}, {"model": "cms.cmsplugin", "pk": 1631, "fields": {"path": "004C000100010001000100020001000E0001", "depth": 9, "numchild": 0, "placeholder": 14, "parent": 1630, "position": 0, "language": "es", "plugin_type": "IconPlugin", "creation_date": "2019-01-06T01:22:43.775Z", "changed_date": "2019-01-06T06:11:49.612Z"}}, {"model": "cms.cmsplugin", "pk": 1632, "fields": {"path": "004C000100010001000100020001000F", "depth": 8, "numchild": 2, "placeholder": 14, "parent": 1613, "position": 14, "language": "es", "plugin_type": "TextPlugin", "creation_date": "2019-01-06T02:02:35.611Z", "changed_date": "2019-01-06T06:11:50.013Z"}}, {"model": "cms.cmsplugin", "pk": 1633, "fields": {"path": "004C000100010001000100020001000F0001", "depth": 9, "numchild": 0, "placeholder": 14, "parent": 1632, "position": 0, "language": "es", "plugin_type": "IconPlugin", "creation_date": "2019-01-06T02:03:00.417Z", "changed_date": "2019-01-06T06:11:49.651Z"}}, {"model": "cms.cmsplugin", "pk": 1634, "fields": {"path": "004C000100010001000100020001000F0002", "depth": 9, "numchild": 0, "placeholder": 14, "parent": 1632, "position": 1, "language": "es", "plugin_type": "IconPlugin", "creation_date": "2019-01-06T02:06:16.627Z", "changed_date": "2019-01-06T06:11:49.665Z"}}, {"model": "cms.cmsplugin", "pk": 1635, "fields": {"path": "004C000100010002", "depth": 4, "numchild": 1, "placeholder": 14, "parent": 1608, "position": 1, "language": "es", "plugin_type": "StylePlugin", "creation_date": "2019-01-05T19:25:56.803Z", "changed_date": "2019-01-06T06:11:49.680Z"}}, {"model": "cms.cmsplugin", "pk": 1636, "fields": {"path": "004C0001000100020001", "depth": 5, "numchild": 1, "placeholder": 14, "parent": 1635, "position": 0, "language": "es", "plugin_type": "StylePlugin", "creation_date": "2019-01-05T19:27:53.223Z", "changed_date": "2019-01-06T06:11:49.696Z"}}, {"model": "cms.cmsplugin", "pk": 1637, "fields": {"path": "004C00010001000200010001", "depth": 6, "numchild": 0, "placeholder": 14, "parent": 1636, "position": 0, "language": "es", "plugin_type": "TextPlugin", "creation_date": "2019-01-06T02:10:49.117Z", "changed_date": "2019-01-06T06:11:50.043Z"}}, {"model": "cms.cmsplugin", "pk": 1638, "fields": {"path": "004C000100010003", "depth": 4, "numchild": 1, "placeholder": 14, "parent": 1608, "position": 2, "language": "es", "plugin_type": "StylePlugin", "creation_date": "2019-01-05T19:25:56.803Z", "changed_date": "2019-01-06T06:11:49.730Z"}}, {"model": "cms.cmsplugin", "pk": 1639, "fields": {"path": "004C0001000100030001", "depth": 5, "numchild": 2, "placeholder": 14, "parent": 1638, "position": 0, "language": "es", "plugin_type": "StylePlugin", "creation_date": "2019-01-05T19:27:53.223Z", "changed_date": "2019-01-06T06:11:49.749Z"}}, {"model": "cms.cmsplugin", "pk": 1640, "fields": {"path": "004C00010001000300010001", "depth": 6, "numchild": 0, "placeholder": 14, "parent": 1639, "position": 0, "language": "es", "plugin_type": "TextPlugin", "creation_date": "2019-01-06T02:16:25.913Z", "changed_date": "2019-01-06T06:11:50.065Z"}}, {"model": "cms.cmsplugin", "pk": 1641, "fields": {"path": "004C00010001000300010002", "depth": 6, "numchild": 0, "placeholder": 14, "parent": 1639, "position": 1, "language": "es", "plugin_type": "TextPlugin", "creation_date": "2019-01-06T02:26:05.442Z", "changed_date": "2019-01-06T06:11:50.078Z"}}, {"model": "cms.cmsplugin", "pk": 1642, "fields": {"path": "004C0002", "depth": 2, "numchild": 1, "placeholder": 14, "parent": 1606, "position": 1, "language": "es", "plugin_type": "StylePlugin", "creation_date": "2019-01-06T02:32:20.268Z", "changed_date": "2019-01-06T06:11:49.822Z"}}, {"model": "cms.cmsplugin", "pk": 1643, "fields": {"path": "004C00020001", "depth": 3, "numchild": 2, "placeholder": 14, "parent": 1642, "position": 0, "language": "es", "plugin_type": "StylePlugin", "creation_date": "2019-01-06T02:33:01.434Z", "changed_date": "2019-01-06T06:11:49.834Z"}}, {"model": "cms.cmsplugin", "pk": 1644, "fields": {"path": "004C000200010001", "depth": 4, "numchild": 2, "placeholder": 14, "parent": 1643, "position": 0, "language": "es", "plugin_type": "StylePlugin", "creation_date": "2019-01-06T02:34:30.215Z", "changed_date": "2019-01-06T06:11:49.848Z"}}, {"model": "cms.cmsplugin", "pk": 1645, "fields": {"path": "004C0002000100010001", "depth": 5, "numchild": 0, "placeholder": 14, "parent": 1644, "position": 0, "language": "es", "plugin_type": "TextPlugin", "creation_date": "2019-01-06T02:34:38.691Z", "changed_date": "2019-01-06T06:11:50.105Z"}}, {"model": "cms.cmsplugin", "pk": 1646, "fields": {"path": "004C0002000100010002", "depth": 5, "numchild": 1, "placeholder": 14, "parent": 1644, "position": 1, "language": "es", "plugin_type": "StylePlugin", "creation_date": "2019-01-06T02:35:33.838Z", "changed_date": "2019-01-06T06:11:49.875Z"}}, {"model": "cms.cmsplugin", "pk": 1647, "fields": {"path": "004C00020001000100020001", "depth": 6, "numchild": 0, "placeholder": 14, "parent": 1646, "position": 0, "language": "es", "plugin_type": "TextPlugin", "creation_date": "2019-01-06T02:35:38.434Z", "changed_date": "2019-01-06T06:11:50.116Z"}}, {"model": "cms.cmsplugin", "pk": 1648, "fields": {"path": "004C000200010002", "depth": 4, "numchild": 1, "placeholder": 14, "parent": 1643, "position": 1, "language": "es", "plugin_type": "StylePlugin", "creation_date": "2019-01-06T02:42:02.578Z", "changed_date": "2019-01-06T06:11:49.907Z"}}, {"model": "cms.cmsplugin", "pk": 1649, "fields": {"path": "004C0002000100020001", "depth": 5, "numchild": 1, "placeholder": 14, "parent": 1648, "position": 0, "language": "es", "plugin_type": "TextPlugin", "creation_date": "2019-01-06T02:42:07.367Z", "changed_date": "2019-01-06T06:11:50.134Z"}}, {"model": "cms.cmsplugin", "pk": 1650, "fields": {"path": "004C00020001000200010001", "depth": 6, "numchild": 0, "placeholder": 14, "parent": 1649, "position": 0, "language": "es", "plugin_type": "IconPlugin", "creation_date": "2019-01-06T02:42:32.951Z", "changed_date": "2019-01-06T06:11:49.943Z"}}, {"model": "cms.cmsplugin", "pk": 1651, "fields": {"path": "004D", "depth": 1, "numchild": 1, "placeholder": 6, "parent": null, "position": 2, "language": "es", "plugin_type": "StylePlugin", "creation_date": "2019-01-06T19:19:48.984Z", "changed_date": "2019-01-06T22:49:35.744Z"}}, {"model": "cms.cmsplugin", "pk": 1690, "fields": {"path": "004D0001", "depth": 2, "numchild": 1, "placeholder": 6, "parent": 1651, "position": 0, "language": "es", "plugin_type": "StylePlugin", "creation_date": "2019-01-06T19:25:58.690Z", "changed_date": "2019-01-06T19:25:58.706Z"}}, {"model": "cms.cmsplugin", "pk": 1691, "fields": {"path": "004D00010001", "depth": 3, "numchild": 0, "placeholder": 6, "parent": 1690, "position": 0, "language": "es", "plugin_type": "StylePlugin", "creation_date": "2019-01-06T19:26:40.023Z", "changed_date": "2019-01-06T19:26:40.044Z"}}, {"model": "cms.cmsplugin", "pk": 1852, "fields": {"path": "004J", "depth": 1, "numchild": 2, "placeholder": 6, "parent": null, "position": 3, "language": "es", "plugin_type": "StylePlugin", "creation_date": "2019-01-06T23:05:44.508Z", "changed_date": "2019-01-06T23:05:44.517Z"}}, {"model": "cms.cmsplugin", "pk": 1853, "fields": {"path": "004J0001", "depth": 2, "numchild": 0, "placeholder": 6, "parent": 1852, "position": 0, "language": "es", "plugin_type": "StylePlugin", "creation_date": "2019-01-06T23:07:42.325Z", "changed_date": "2019-01-06T23:07:42.333Z"}}, {"model": "cms.cmsplugin", "pk": 1854, "fields": {"path": "004J0002", "depth": 2, "numchild": 0, "placeholder": 6, "parent": 1852, "position": 1, "language": "es", "plugin_type": "StylePlugin", "creation_date": "2019-01-06T23:08:07.277Z", "changed_date": "2019-01-06T23:08:07.304Z"}}, {"model": "cms.cmsplugin", "pk": 1855, "fields": {"path": "004K", "depth": 1, "numchild": 1, "placeholder": 7, "parent": null, "position": 0, "language": "es", "plugin_type": "StylePlugin", "creation_date": "2019-01-06T03:48:37.369Z", "changed_date": "2019-01-06T23:58:06.152Z"}}, {"model": "cms.cmsplugin", "pk": 1856, "fields": {"path": "004K0001", "depth": 2, "numchild": 2, "placeholder": 7, "parent": 1855, "position": 0, "language": "es", "plugin_type": "StylePlugin", "creation_date": "2019-01-06T03:56:41.974Z", "changed_date": "2019-01-06T23:58:06.157Z"}}, {"model": "cms.cmsplugin", "pk": 1857, "fields": {"path": "004K00010001", "depth": 3, "numchild": 1, "placeholder": 7, "parent": 1856, "position": 0, "language": "es", "plugin_type": "StylePlugin", "creation_date": "2019-01-06T03:57:41.938Z", "changed_date": "2019-01-06T23:58:06.161Z"}}, {"model": "cms.cmsplugin", "pk": 1858, "fields": {"path": "004K000100010001", "depth": 4, "numchild": 0, "placeholder": 7, "parent": 1857, "position": 0, "language": "es", "plugin_type": "TextPlugin", "creation_date": "2019-01-06T03:57:46.996Z", "changed_date": "2019-01-06T23:58:06.474Z"}}, {"model": "cms.cmsplugin", "pk": 1859, "fields": {"path": "004K00010002", "depth": 3, "numchild": 0, "placeholder": 7, "parent": 1856, "position": 1, "language": "es", "plugin_type": "TextPlugin", "creation_date": "2019-01-06T03:59:31.935Z", "changed_date": "2019-01-06T23:58:06.495Z"}}, {"model": "cms.cmsplugin", "pk": 1860, "fields": {"path": "004L", "depth": 1, "numchild": 1, "placeholder": 7, "parent": null, "position": 1, "language": "es", "plugin_type": "StylePlugin", "creation_date": "2019-01-06T04:31:16.324Z", "changed_date": "2019-01-06T23:58:06.195Z"}}, {"model": "cms.cmsplugin", "pk": 1861, "fields": {"path": "004L0001", "depth": 2, "numchild": 7, "placeholder": 7, "parent": 1860, "position": 1, "language": "es", "plugin_type": "StylePlugin", "creation_date": "2019-01-06T04:32:04.183Z", "changed_date": "2019-01-06T23:58:06.200Z"}}, {"model": "cms.cmsplugin", "pk": 1862, "fields": {"path": "004L00010001", "depth": 3, "numchild": 1, "placeholder": 7, "parent": 1861, "position": 0, "language": "es", "plugin_type": "StylePlugin", "creation_date": "2019-01-06T04:32:46.178Z", "changed_date": "2019-01-06T23:58:06.206Z"}}, {"model": "cms.cmsplugin", "pk": 1863, "fields": {"path": "004L000100010001", "depth": 4, "numchild": 0, "placeholder": 7, "parent": 1862, "position": 1, "language": "es", "plugin_type": "TextPlugin", "creation_date": "2019-01-06T04:32:51.317Z", "changed_date": "2019-01-06T23:58:06.514Z"}}, {"model": "cms.cmsplugin", "pk": 1864, "fields": {"path": "004L00010002", "depth": 3, "numchild": 0, "placeholder": 7, "parent": 1861, "position": 1, "language": "es", "plugin_type": "StylePlugin", "creation_date": "2019-01-06T04:34:12.411Z", "changed_date": "2019-01-06T23:58:06.226Z"}}, {"model": "cms.cmsplugin", "pk": 1865, "fields": {"path": "004L00010003", "depth": 3, "numchild": 1, "placeholder": 7, "parent": 1861, "position": 2, "language": "es", "plugin_type": "StylePlugin", "creation_date": "2019-01-06T04:36:56.672Z", "changed_date": "2019-01-06T23:58:06.232Z"}}, {"model": "cms.cmsplugin", "pk": 1866, "fields": {"path": "004L000100030001", "depth": 4, "numchild": 2, "placeholder": 7, "parent": 1865, "position": 0, "language": "es", "plugin_type": "StylePlugin", "creation_date": "2019-01-06T04:38:45.954Z", "changed_date": "2019-01-06T23:58:06.237Z"}}, {"model": "cms.cmsplugin", "pk": 1867, "fields": {"path": "004L0001000300010001", "depth": 5, "numchild": 1, "placeholder": 7, "parent": 1866, "position": 0, "language": "es", "plugin_type": "StylePlugin", "creation_date": "2019-01-06T04:53:49.488Z", "changed_date": "2019-01-06T23:58:06.243Z"}}, {"model": "cms.cmsplugin", "pk": 1868, "fields": {"path": "004L00010003000100010001", "depth": 6, "numchild": 1, "placeholder": 7, "parent": 1867, "position": 0, "language": "es", "plugin_type": "TextPlugin", "creation_date": "2019-01-06T04:54:03.565Z", "changed_date": "2019-01-06T23:58:06.539Z"}}, {"model": "cms.cmsplugin", "pk": 1869, "fields": {"path": "004L000100030001000100010001", "depth": 7, "numchild": 0, "placeholder": 7, "parent": 1868, "position": 0, "language": "es", "plugin_type": "IconPlugin", "creation_date": "2019-01-06T05:30:52.684Z", "changed_date": "2019-01-06T23:58:06.261Z"}}, {"model": "cms.cmsplugin", "pk": 1870, "fields": {"path": "004L0001000300010002", "depth": 5, "numchild": 0, "placeholder": 7, "parent": 1866, "position": 1, "language": "es", "plugin_type": "TextPlugin", "creation_date": "2019-01-06T04:55:23.921Z", "changed_date": "2019-01-06T23:58:06.559Z"}}, {"model": "cms.cmsplugin", "pk": 1871, "fields": {"path": "004L00010004", "depth": 3, "numchild": 1, "placeholder": 7, "parent": 1861, "position": 3, "language": "es", "plugin_type": "StylePlugin", "creation_date": "2019-01-06T04:36:56.672Z", "changed_date": "2019-01-06T23:58:06.280Z"}}, {"model": "cms.cmsplugin", "pk": 1872, "fields": {"path": "004L000100040001", "depth": 4, "numchild": 2, "placeholder": 7, "parent": 1871, "position": 0, "language": "es", "plugin_type": "StylePlugin", "creation_date": "2019-01-06T04:38:45.954Z", "changed_date": "2019-01-06T23:58:06.286Z"}}, {"model": "cms.cmsplugin", "pk": 1873, "fields": {"path": "004L0001000400010001", "depth": 5, "numchild": 1, "placeholder": 7, "parent": 1872, "position": 0, "language": "es", "plugin_type": "StylePlugin", "creation_date": "2019-01-06T04:53:49.488Z", "changed_date": "2019-01-06T23:58:06.291Z"}}, {"model": "cms.cmsplugin", "pk": 1874, "fields": {"path": "004L00010004000100010001", "depth": 6, "numchild": 1, "placeholder": 7, "parent": 1873, "position": 0, "language": "es", "plugin_type": "TextPlugin", "creation_date": "2019-01-06T04:54:03.565Z", "changed_date": "2019-01-06T23:58:06.577Z"}}, {"model": "cms.cmsplugin", "pk": 1875, "fields": {"path": "004L000100040001000100010001", "depth": 7, "numchild": 0, "placeholder": 7, "parent": 1874, "position": 0, "language": "es", "plugin_type": "IconPlugin", "creation_date": "2019-01-06T05:30:52.684Z", "changed_date": "2019-01-06T23:58:06.306Z"}}, {"model": "cms.cmsplugin", "pk": 1876, "fields": {"path": "004L0001000400010002", "depth": 5, "numchild": 0, "placeholder": 7, "parent": 1872, "position": 1, "language": "es", "plugin_type": "TextPlugin", "creation_date": "2019-01-06T04:55:23.921Z", "changed_date": "2019-01-06T23:58:06.594Z"}}, {"model": "cms.cmsplugin", "pk": 1877, "fields": {"path": "004L00010005", "depth": 3, "numchild": 1, "placeholder": 7, "parent": 1861, "position": 4, "language": "es", "plugin_type": "StylePlugin", "creation_date": "2019-01-06T04:36:56.672Z", "changed_date": "2019-01-06T23:58:06.329Z"}}, {"model": "cms.cmsplugin", "pk": 1878, "fields": {"path": "004L000100050001", "depth": 4, "numchild": 2, "placeholder": 7, "parent": 1877, "position": 0, "language": "es", "plugin_type": "StylePlugin", "creation_date": "2019-01-06T04:38:45.954Z", "changed_date": "2019-01-06T23:58:06.335Z"}}, {"model": "cms.cmsplugin", "pk": 1879, "fields": {"path": "004L0001000500010001", "depth": 5, "numchild": 1, "placeholder": 7, "parent": 1878, "position": 0, "language": "es", "plugin_type": "StylePlugin", "creation_date": "2019-01-06T04:53:49.488Z", "changed_date": "2019-01-06T23:58:06.342Z"}}, {"model": "cms.cmsplugin", "pk": 1880, "fields": {"path": "004L00010005000100010001", "depth": 6, "numchild": 1, "placeholder": 7, "parent": 1879, "position": 0, "language": "es", "plugin_type": "TextPlugin", "creation_date": "2019-01-06T04:54:03.565Z", "changed_date": "2019-01-06T23:58:06.616Z"}}, {"model": "cms.cmsplugin", "pk": 1881, "fields": {"path": "004L000100050001000100010001", "depth": 7, "numchild": 0, "placeholder": 7, "parent": 1880, "position": 0, "language": "es", "plugin_type": "IconPlugin", "creation_date": "2019-01-06T05:30:52.684Z", "changed_date": "2019-01-06T23:58:06.361Z"}}, {"model": "cms.cmsplugin", "pk": 1882, "fields": {"path": "004L0001000500010002", "depth": 5, "numchild": 0, "placeholder": 7, "parent": 1878, "position": 1, "language": "es", "plugin_type": "TextPlugin", "creation_date": "2019-01-06T04:55:23.921Z", "changed_date": "2019-01-06T23:58:06.632Z"}}, {"model": "cms.cmsplugin", "pk": 1883, "fields": {"path": "004L00010006", "depth": 3, "numchild": 0, "placeholder": 7, "parent": 1861, "position": 5, "language": "es", "plugin_type": "StylePlugin", "creation_date": "2019-01-06T05:52:12.340Z", "changed_date": "2019-01-06T23:58:06.380Z"}}, {"model": "cms.cmsplugin", "pk": 1884, "fields": {"path": "004L00010007", "depth": 3, "numchild": 1, "placeholder": 7, "parent": 1861, "position": 6, "language": "es", "plugin_type": "StylePlugin", "creation_date": "2019-01-06T04:36:56.672Z", "changed_date": "2019-01-06T23:58:06.387Z"}}, {"model": "cms.cmsplugin", "pk": 1885, "fields": {"path": "004L000100070001", "depth": 4, "numchild": 2, "placeholder": 7, "parent": 1884, "position": 0, "language": "es", "plugin_type": "StylePlugin", "creation_date": "2019-01-06T04:38:45.954Z", "changed_date": "2019-01-06T23:58:06.392Z"}}, {"model": "cms.cmsplugin", "pk": 1886, "fields": {"path": "004L0001000700010001", "depth": 5, "numchild": 1, "placeholder": 7, "parent": 1885, "position": 0, "language": "es", "plugin_type": "StylePlugin", "creation_date": "2019-01-06T04:53:49.488Z", "changed_date": "2019-01-06T23:58:06.396Z"}}, {"model": "cms.cmsplugin", "pk": 1887, "fields": {"path": "004L00010007000100010001", "depth": 6, "numchild": 1, "placeholder": 7, "parent": 1886, "position": 0, "language": "es", "plugin_type": "TextPlugin", "creation_date": "2019-01-06T04:54:03.565Z", "changed_date": "2019-01-06T23:58:06.651Z"}}, {"model": "cms.cmsplugin", "pk": 1888, "fields": {"path": "004L000100070001000100010001", "depth": 7, "numchild": 0, "placeholder": 7, "parent": 1887, "position": 0, "language": "es", "plugin_type": "IconPlugin", "creation_date": "2019-01-06T05:30:52.684Z", "changed_date": "2019-01-06T23:58:06.412Z"}}, {"model": "cms.cmsplugin", "pk": 1889, "fields": {"path": "004L0001000700010002", "depth": 5, "numchild": 0, "placeholder": 7, "parent": 1885, "position": 1, "language": "es", "plugin_type": "TextPlugin", "creation_date": "2019-01-06T04:55:23.921Z", "changed_date": "2019-01-06T23:58:06.671Z"}}, {"model": "cms.cmsplugin", "pk": 1890, "fields": {"path": "004M", "depth": 1, "numchild": 1, "placeholder": 7, "parent": null, "position": 2, "language": "es", "plugin_type": "StylePlugin", "creation_date": "2019-01-06T19:19:48.984Z", "changed_date": "2019-01-06T23:58:06.432Z"}}, {"model": "cms.cmsplugin", "pk": 1891, "fields": {"path": "004M0001", "depth": 2, "numchild": 1, "placeholder": 7, "parent": 1890, "position": 0, "language": "es", "plugin_type": "StylePlugin", "creation_date": "2019-01-06T19:25:58.690Z", "changed_date": "2019-01-06T23:58:06.438Z"}}, {"model": "cms.cmsplugin", "pk": 1892, "fields": {"path": "004M00010001", "depth": 3, "numchild": 0, "placeholder": 7, "parent": 1891, "position": 0, "language": "es", "plugin_type": "StylePlugin", "creation_date": "2019-01-06T19:26:40.023Z", "changed_date": "2019-01-06T23:58:06.444Z"}}, {"model": "cms.cmsplugin", "pk": 1893, "fields": {"path": "004N", "depth": 1, "numchild": 2, "placeholder": 7, "parent": null, "position": 3, "language": "es", "plugin_type": "StylePlugin", "creation_date": "2019-01-06T23:05:44.508Z", "changed_date": "2019-01-06T23:58:06.449Z"}}, {"model": "cms.cmsplugin", "pk": 1894, "fields": {"path": "004N0001", "depth": 2, "numchild": 0, "placeholder": 7, "parent": 1893, "position": 0, "language": "es", "plugin_type": "StylePlugin", "creation_date": "2019-01-06T23:07:42.325Z", "changed_date": "2019-01-06T23:58:06.454Z"}}, {"model": "cms.cmsplugin", "pk": 1895, "fields": {"path": "004N0002", "depth": 2, "numchild": 0, "placeholder": 7, "parent": 1893, "position": 1, "language": "es", "plugin_type": "StylePlugin", "creation_date": "2019-01-06T23:08:07.277Z", "changed_date": "2019-01-06T23:58:06.460Z"}}, {"model": "cms.cmsplugin", "pk": 1896, "fields": {"path": "004O", "depth": 1, "numchild": 0, "placeholder": 9, "parent": null, "position": 0, "language": "es", "plugin_type": "TextPlugin", "creation_date": "2019-01-03T03:48:08.522Z", "changed_date": "2019-01-06T23:58:06.708Z"}}, {"model": "cms.cmsplugin", "pk": 1897, "fields": {"path": "004P", "depth": 1, "numchild": 0, "placeholder": 11, "parent": null, "position": 1, "language": "es", "plugin_type": "TextPlugin", "creation_date": "2019-01-03T03:50:22.758Z", "changed_date": "2019-01-06T23:58:06.746Z"}}, {"model": "cms.cmsplugin", "pk": 1898, "fields": {"path": "004Q", "depth": 1, "numchild": 1, "placeholder": 6, "parent": null, "position": 0, "language": "en", "plugin_type": "StylePlugin", "creation_date": "2019-01-06T03:48:37.369Z", "changed_date": "2019-01-07T02:10:37.183Z"}}, {"model": "cms.cmsplugin", "pk": 1899, "fields": {"path": "004Q0001", "depth": 2, "numchild": 2, "placeholder": 6, "parent": 1898, "position": 0, "language": "en", "plugin_type": "StylePlugin", "creation_date": "2019-01-06T03:56:41.974Z", "changed_date": "2019-01-07T02:10:37.207Z"}}, {"model": "cms.cmsplugin", "pk": 1900, "fields": {"path": "004Q00010001", "depth": 3, "numchild": 1, "placeholder": 6, "parent": 1899, "position": 0, "language": "en", "plugin_type": "StylePlugin", "creation_date": "2019-01-06T03:57:41.938Z", "changed_date": "2019-01-07T02:10:37.234Z"}}, {"model": "cms.cmsplugin", "pk": 1901, "fields": {"path": "004Q000100010001", "depth": 4, "numchild": 0, "placeholder": 6, "parent": 1900, "position": 0, "language": "en", "plugin_type": "TextPlugin", "creation_date": "2019-01-06T03:57:46.996Z", "changed_date": "2019-01-07T02:10:37.985Z"}}, {"model": "cms.cmsplugin", "pk": 1902, "fields": {"path": "004Q00010002", "depth": 3, "numchild": 0, "placeholder": 6, "parent": 1899, "position": 1, "language": "en", "plugin_type": "TextPlugin", "creation_date": "2019-01-06T03:59:31.935Z", "changed_date": "2019-01-07T02:10:38.004Z"}}, {"model": "cms.cmsplugin", "pk": 1903, "fields": {"path": "004R", "depth": 1, "numchild": 1, "placeholder": 6, "parent": null, "position": 1, "language": "en", "plugin_type": "StylePlugin", "creation_date": "2019-01-06T04:31:16.324Z", "changed_date": "2019-01-07T02:10:37.289Z"}}, {"model": "cms.cmsplugin", "pk": 1904, "fields": {"path": "004R0001", "depth": 2, "numchild": 7, "placeholder": 6, "parent": 1903, "position": 1, "language": "en", "plugin_type": "StylePlugin", "creation_date": "2019-01-06T04:32:04.183Z", "changed_date": "2019-01-07T02:10:37.301Z"}}, {"model": "cms.cmsplugin", "pk": 1905, "fields": {"path": "004R00010001", "depth": 3, "numchild": 1, "placeholder": 6, "parent": 1904, "position": 0, "language": "en", "plugin_type": "StylePlugin", "creation_date": "2019-01-06T04:32:46.178Z", "changed_date": "2019-01-07T02:10:37.324Z"}}, {"model": "cms.cmsplugin", "pk": 1906, "fields": {"path": "004R000100010001", "depth": 4, "numchild": 0, "placeholder": 6, "parent": 1905, "position": 1, "language": "en", "plugin_type": "TextPlugin", "creation_date": "2019-01-06T04:32:51.317Z", "changed_date": "2019-01-07T02:10:38.024Z"}}, {"model": "cms.cmsplugin", "pk": 1907, "fields": {"path": "004R00010002", "depth": 3, "numchild": 0, "placeholder": 6, "parent": 1904, "position": 1, "language": "en", "plugin_type": "StylePlugin", "creation_date": "2019-01-06T04:34:12.411Z", "changed_date": "2019-01-07T02:10:37.356Z"}}, {"model": "cms.cmsplugin", "pk": 1908, "fields": {"path": "004R00010003", "depth": 3, "numchild": 1, "placeholder": 6, "parent": 1904, "position": 2, "language": "en", "plugin_type": "StylePlugin", "creation_date": "2019-01-06T04:36:56.672Z", "changed_date": "2019-01-07T02:10:37.372Z"}}, {"model": "cms.cmsplugin", "pk": 1909, "fields": {"path": "004R000100030001", "depth": 4, "numchild": 2, "placeholder": 6, "parent": 1908, "position": 0, "language": "en", "plugin_type": "StylePlugin", "creation_date": "2019-01-06T04:38:45.954Z", "changed_date": "2019-01-07T02:10:37.387Z"}}, {"model": "cms.cmsplugin", "pk": 1910, "fields": {"path": "004R0001000300010001", "depth": 5, "numchild": 1, "placeholder": 6, "parent": 1909, "position": 0, "language": "en", "plugin_type": "StylePlugin", "creation_date": "2019-01-06T04:53:49.488Z", "changed_date": "2019-01-07T02:10:37.402Z"}}, {"model": "cms.cmsplugin", "pk": 1911, "fields": {"path": "004R00010003000100010001", "depth": 6, "numchild": 1, "placeholder": 6, "parent": 1910, "position": 0, "language": "en", "plugin_type": "TextPlugin", "creation_date": "2019-01-06T04:54:03.565Z", "changed_date": "2019-01-07T02:10:38.051Z"}}, {"model": "cms.cmsplugin", "pk": 1912, "fields": {"path": "004R000100030001000100010001", "depth": 7, "numchild": 0, "placeholder": 6, "parent": 1911, "position": 0, "language": "en", "plugin_type": "IconPlugin", "creation_date": "2019-01-06T05:30:52.684Z", "changed_date": "2019-01-07T02:10:37.537Z"}}, {"model": "cms.cmsplugin", "pk": 1913, "fields": {"path": "004R0001000300010002", "depth": 5, "numchild": 0, "placeholder": 6, "parent": 1909, "position": 1, "language": "en", "plugin_type": "TextPlugin", "creation_date": "2019-01-06T04:55:23.921Z", "changed_date": "2019-01-07T02:10:38.069Z"}}, {"model": "cms.cmsplugin", "pk": 1914, "fields": {"path": "004R00010004", "depth": 3, "numchild": 1, "placeholder": 6, "parent": 1904, "position": 3, "language": "en", "plugin_type": "StylePlugin", "creation_date": "2019-01-06T04:36:56.672Z", "changed_date": "2019-01-07T02:10:37.566Z"}}, {"model": "cms.cmsplugin", "pk": 1915, "fields": {"path": "004R000100040001", "depth": 4, "numchild": 2, "placeholder": 6, "parent": 1914, "position": 0, "language": "en", "plugin_type": "StylePlugin", "creation_date": "2019-01-06T04:38:45.954Z", "changed_date": "2019-01-07T02:10:37.581Z"}}, {"model": "cms.cmsplugin", "pk": 1916, "fields": {"path": "004R0001000400010001", "depth": 5, "numchild": 1, "placeholder": 6, "parent": 1915, "position": 0, "language": "en", "plugin_type": "StylePlugin", "creation_date": "2019-01-06T04:53:49.488Z", "changed_date": "2019-01-07T02:10:37.595Z"}}, {"model": "cms.cmsplugin", "pk": 1917, "fields": {"path": "004R00010004000100010001", "depth": 6, "numchild": 1, "placeholder": 6, "parent": 1916, "position": 0, "language": "en", "plugin_type": "TextPlugin", "creation_date": "2019-01-06T04:54:03.565Z", "changed_date": "2019-01-07T02:10:38.090Z"}}, {"model": "cms.cmsplugin", "pk": 1918, "fields": {"path": "004R000100040001000100010001", "depth": 7, "numchild": 0, "placeholder": 6, "parent": 1917, "position": 0, "language": "en", "plugin_type": "IconPlugin", "creation_date": "2019-01-06T05:30:52.684Z", "changed_date": "2019-01-07T02:10:37.629Z"}}, {"model": "cms.cmsplugin", "pk": 1919, "fields": {"path": "004R0001000400010002", "depth": 5, "numchild": 0, "placeholder": 6, "parent": 1915, "position": 1, "language": "en", "plugin_type": "TextPlugin", "creation_date": "2019-01-06T04:55:23.921Z", "changed_date": "2019-01-07T02:10:38.107Z"}}, {"model": "cms.cmsplugin", "pk": 1920, "fields": {"path": "004R00010005", "depth": 3, "numchild": 1, "placeholder": 6, "parent": 1904, "position": 4, "language": "en", "plugin_type": "StylePlugin", "creation_date": "2019-01-06T04:36:56.672Z", "changed_date": "2019-01-07T02:10:37.659Z"}}, {"model": "cms.cmsplugin", "pk": 1921, "fields": {"path": "004R000100050001", "depth": 4, "numchild": 2, "placeholder": 6, "parent": 1920, "position": 0, "language": "en", "plugin_type": "StylePlugin", "creation_date": "2019-01-06T04:38:45.954Z", "changed_date": "2019-01-07T02:10:37.675Z"}}, {"model": "cms.cmsplugin", "pk": 1922, "fields": {"path": "004R0001000500010001", "depth": 5, "numchild": 1, "placeholder": 6, "parent": 1921, "position": 0, "language": "en", "plugin_type": "StylePlugin", "creation_date": "2019-01-06T04:53:49.488Z", "changed_date": "2019-01-07T02:10:37.686Z"}}, {"model": "cms.cmsplugin", "pk": 1923, "fields": {"path": "004R00010005000100010001", "depth": 6, "numchild": 1, "placeholder": 6, "parent": 1922, "position": 0, "language": "en", "plugin_type": "TextPlugin", "creation_date": "2019-01-06T04:54:03.565Z", "changed_date": "2019-01-07T02:10:38.140Z"}}, {"model": "cms.cmsplugin", "pk": 1924, "fields": {"path": "004R000100050001000100010001", "depth": 7, "numchild": 0, "placeholder": 6, "parent": 1923, "position": 0, "language": "en", "plugin_type": "IconPlugin", "creation_date": "2019-01-06T05:30:52.684Z", "changed_date": "2019-01-07T02:10:37.720Z"}}, {"model": "cms.cmsplugin", "pk": 1925, "fields": {"path": "004R0001000500010002", "depth": 5, "numchild": 0, "placeholder": 6, "parent": 1921, "position": 1, "language": "en", "plugin_type": "TextPlugin", "creation_date": "2019-01-06T04:55:23.921Z", "changed_date": "2019-01-07T02:10:38.153Z"}}, {"model": "cms.cmsplugin", "pk": 1926, "fields": {"path": "004R00010006", "depth": 3, "numchild": 0, "placeholder": 6, "parent": 1904, "position": 5, "language": "en", "plugin_type": "StylePlugin", "creation_date": "2019-01-06T05:52:12.340Z", "changed_date": "2019-01-07T02:10:37.752Z"}}, {"model": "cms.cmsplugin", "pk": 1927, "fields": {"path": "004R00010007", "depth": 3, "numchild": 1, "placeholder": 6, "parent": 1904, "position": 6, "language": "en", "plugin_type": "StylePlugin", "creation_date": "2019-01-06T04:36:56.672Z", "changed_date": "2019-01-07T02:10:37.766Z"}}, {"model": "cms.cmsplugin", "pk": 1928, "fields": {"path": "004R000100070001", "depth": 4, "numchild": 2, "placeholder": 6, "parent": 1927, "position": 0, "language": "en", "plugin_type": "StylePlugin", "creation_date": "2019-01-06T04:38:45.954Z", "changed_date": "2019-01-07T02:10:37.795Z"}}, {"model": "cms.cmsplugin", "pk": 1929, "fields": {"path": "004R0001000700010001", "depth": 5, "numchild": 1, "placeholder": 6, "parent": 1928, "position": 0, "language": "en", "plugin_type": "StylePlugin", "creation_date": "2019-01-06T04:53:49.488Z", "changed_date": "2019-01-07T02:10:37.816Z"}}, {"model": "cms.cmsplugin", "pk": 1930, "fields": {"path": "004R00010007000100010001", "depth": 6, "numchild": 1, "placeholder": 6, "parent": 1929, "position": 0, "language": "en", "plugin_type": "TextPlugin", "creation_date": "2019-01-06T04:54:03.565Z", "changed_date": "2019-01-07T02:10:38.184Z"}}, {"model": "cms.cmsplugin", "pk": 1931, "fields": {"path": "004R000100070001000100010001", "depth": 7, "numchild": 0, "placeholder": 6, "parent": 1930, "position": 0, "language": "en", "plugin_type": "IconPlugin", "creation_date": "2019-01-06T05:30:52.684Z", "changed_date": "2019-01-07T02:10:37.856Z"}}, {"model": "cms.cmsplugin", "pk": 1932, "fields": {"path": "004R0001000700010002", "depth": 5, "numchild": 0, "placeholder": 6, "parent": 1928, "position": 1, "language": "en", "plugin_type": "TextPlugin", "creation_date": "2019-01-06T04:55:23.921Z", "changed_date": "2019-01-07T02:10:38.202Z"}}, {"model": "cms.cmsplugin", "pk": 1933, "fields": {"path": "004S", "depth": 1, "numchild": 1, "placeholder": 6, "parent": null, "position": 2, "language": "en", "plugin_type": "StylePlugin", "creation_date": "2019-01-06T19:19:48.984Z", "changed_date": "2019-01-07T02:10:37.889Z"}}, {"model": "cms.cmsplugin", "pk": 1934, "fields": {"path": "004S0001", "depth": 2, "numchild": 1, "placeholder": 6, "parent": 1933, "position": 0, "language": "en", "plugin_type": "StylePlugin", "creation_date": "2019-01-06T19:25:58.690Z", "changed_date": "2019-01-07T02:10:37.907Z"}}, {"model": "cms.cmsplugin", "pk": 1935, "fields": {"path": "004S00010001", "depth": 3, "numchild": 0, "placeholder": 6, "parent": 1934, "position": 0, "language": "en", "plugin_type": "StylePlugin", "creation_date": "2019-01-06T19:26:40.023Z", "changed_date": "2019-01-07T02:10:37.925Z"}}, {"model": "cms.cmsplugin", "pk": 1936, "fields": {"path": "004T", "depth": 1, "numchild": 2, "placeholder": 6, "parent": null, "position": 3, "language": "en", "plugin_type": "StylePlugin", "creation_date": "2019-01-06T23:05:44.508Z", "changed_date": "2019-01-07T02:10:37.939Z"}}, {"model": "cms.cmsplugin", "pk": 1937, "fields": {"path": "004T0001", "depth": 2, "numchild": 0, "placeholder": 6, "parent": 1936, "position": 0, "language": "en", "plugin_type": "StylePlugin", "creation_date": "2019-01-06T23:07:42.325Z", "changed_date": "2019-01-07T02:10:37.951Z"}}, {"model": "cms.cmsplugin", "pk": 1938, "fields": {"path": "004T0002", "depth": 2, "numchild": 0, "placeholder": 6, "parent": 1936, "position": 1, "language": "en", "plugin_type": "StylePlugin", "creation_date": "2019-01-06T23:08:07.277Z", "changed_date": "2019-01-07T02:10:37.965Z"}}, {"model": "cms.cmsplugin", "pk": 1939, "fields": {"path": "004U", "depth": 1, "numchild": 0, "placeholder": 8, "parent": null, "position": 0, "language": "en", "plugin_type": "TextPlugin", "creation_date": "2019-01-03T03:48:08.522Z", "changed_date": "2019-01-07T02:10:38.270Z"}}, {"model": "cms.cmsplugin", "pk": 1940, "fields": {"path": "004V", "depth": 1, "numchild": 0, "placeholder": 10, "parent": null, "position": 0, "language": "en", "plugin_type": "TextPlugin", "creation_date": "2019-01-07T02:10:38.286Z", "changed_date": "2019-01-07T02:10:38.291Z"}}, {"model": "cms.cmsplugin", "pk": 1941, "fields": {"path": "004W", "depth": 1, "numchild": 0, "placeholder": 10, "parent": null, "position": 1, "language": "en", "plugin_type": "TextPlugin", "creation_date": "2019-01-03T03:50:22.758Z", "changed_date": "2019-01-07T02:10:38.321Z"}}, {"model": "cms.title", "pk": 5, "fields": {"language": "es", "title": "Home", "page_title": "", "menu_title": "Home", "meta_description": "", "slug": "home", "path": "", "has_url_overwrite": false, "redirect": null, "page": 5, "creation_date": "2018-12-31T04:31:16.343Z", "published": true, "publisher_is_draft": true, "publisher_public": 6, "publisher_state": 0}}, {"model": "cms.title", "pk": 6, "fields": {"language": "es", "title": "Home", "page_title": "", "menu_title": "Home", "meta_description": "", "slug": "home", "path": "", "has_url_overwrite": false, "redirect": null, "page": 6, "creation_date": "2018-12-31T04:31:16.343Z", "published": true, "publisher_is_draft": false, "publisher_public": 5, "publisher_state": 1}}, {"model": "cms.title", "pk": 8, "fields": {"language": "es", "title": "Tipos de P\u00e1gina", "page_title": null, "menu_title": null, "meta_description": null, "slug": "page_types", "path": "page_types", "has_url_overwrite": false, "redirect": null, "page": 8, "creation_date": "2019-01-06T03:21:13.854Z", "published": false, "publisher_is_draft": true, "publisher_public": null, "publisher_state": 1}}, {"model": "cms.title", "pk": 9, "fields": {"language": "es", "title": "home", "page_title": null, "menu_title": null, "meta_description": null, "slug": "home", "path": "page_types/home", "has_url_overwrite": false, "redirect": null, "page": 9, "creation_date": "2019-01-06T03:21:14.193Z", "published": false, "publisher_is_draft": true, "publisher_public": null, "publisher_state": 1}}, {"model": "cms.title", "pk": 10, "fields": {"language": "es", "title": "victor", "page_title": "Victor", "menu_title": "TEAM", "meta_description": "", "slug": "victor", "path": "victor", "has_url_overwrite": false, "redirect": null, "page": 10, "creation_date": "2019-01-06T06:07:51.575Z", "published": true, "publisher_is_draft": true, "publisher_public": 11, "publisher_state": 0}}, {"model": "cms.title", "pk": 11, "fields": {"language": "es", "title": "victor", "page_title": "Victor", "menu_title": "TEAM", "meta_description": "", "slug": "victor", "path": "victor", "has_url_overwrite": false, "redirect": null, "page": 11, "creation_date": "2019-01-06T06:07:51.575Z", "published": true, "publisher_is_draft": false, "publisher_public": 10, "publisher_state": 1}}, {"model": "cms.staticplaceholder", "pk": 1, "fields": {"name": "", "code": "footer", "draft": 13, "public": 14, "dirty": false, "creation_method": "template", "site": null}}, {"model": "cms.staticplaceholder", "pk": 2, "fields": {"name": "", "code": "logo-dark", "draft": 15, "public": 16, "dirty": false, "creation_method": "template", "site": null}}, {"model": "cms.staticplaceholder", "pk": 3, "fields": {"name": "", "code": "logo", "draft": 17, "public": 18, "dirty": false, "creation_method": "template", "site": null}}, {"model": "cms.urlconfrevision", "pk": 1, "fields": {"revision": "25cb2415-20f7-4845-9c50-e10dc9b94419"}}, {"model": "menus.cachekey", "pk": 173, "fields": {"language": "es", "site": 1, "key": "cms_3.5.3_menu_nodes_es_1_1_user:public"}}, {"model": "menus.cachekey", "pk": 174, "fields": {"language": "es", "site": 1, "key": "cms_3.5.3_menu_nodes_es_1:public"}}, {"model": "menus.cachekey", "pk": 175, "fields": {"language": "es", "site": 1, "key": "cms_3.5.3_menu_nodes_es_1_1_user:draft"}}, {"model": "menus.cachekey", "pk": 176, "fields": {"language": "en", "site": 1, "key": "cms_3.5.3_menu_nodes_en_1_1_user:draft"}}, {"model": "djangocms_text_ckeditor.text", "pk": 116, "fields": {"body": "http://127.0.0.1:8080/media/filer_public/b4/f9/b4f91a30-ddd1-4e0c-b4d5-38e926cff662/earth.mp4"}}, {"model": "djangocms_text_ckeditor.text", "pk": 119, "fields": {"body": "NIMBUS"}}, {"model": "djangocms_text_ckeditor.text", "pk": 522, "fields": {"body": "<p><cms-plugin alt=\"Icon - 523 \" id=\"523\" title=\"Icon - 523\"></cms-plugin>308 Gladfelter Hall 1115 Polett Walk<br>\nPhiladelphia, PA 19122</p>\n\n<p><cms-plugin alt=\"Icon - 556 \" id=\"556\" title=\"Icon - 556\"></cms-plugin><abbr title=\"Email Address\"><i></i></abbr>\u00a0info@nimbus.org</p>"}}, {"model": "djangocms_text_ckeditor.text", "pk": 668, "fields": {"body": "<h4>LAB NEWS</h4>"}}, {"model": "djangocms_text_ckeditor.text", "pk": 767, "fields": {"body": "<h5><strong>Subscribe</strong>\u00a0to Our Newsletter to get Important News.</h5>"}}, {"model": "djangocms_text_ckeditor.text", "pk": 884, "fields": {"body": "<div class=\"widget-subscribe-form-result\"></div>\n                            <form id=\"widget-subscribe-form\" method=\"post\" class=\"nobottommargin\" action=\"include/subscribe.php\">\n                                <div class=\"input-group divcenter\">\n                                    <div class=\"input-group-prepend\">\n                                        <div class=\"input-group-text\"><i class=\"icon-email2\"></i></div>\n                                    </div>\n                                    <input id=\"widget-subscribe-form-email\" type=\"email\" name=\"widget-subscribe-form-email\" class=\"form-control required email\">\n                                    <div class=\"input-group-append\">\n                                        <button type=\"submit\" class=\"btn btn-success\">Subscribe</button>\n                                    </div>\n                                </div>\n                            </form>"}}, {"model": "djangocms_text_ckeditor.text", "pk": 926, "fields": {"body": "Copyrights \u00a9 2018 All Rights Reserved by Nimbus."}}, {"model": "djangocms_text_ckeditor.text", "pk": 928, "fields": {"body": "<div class=\"copyright-links\"><a href=\"#\">Terms of Use</a> / <a href=\"#\">Privacy Policy</a></div>"}}, {"model": "djangocms_text_ckeditor.text", "pk": 930, "fields": {"body": "<cms-plugin id=\"931\" title=\"Icon - 931\" alt=\"Icon - 931 \"></cms-plugin>info@nimbus.org"}}, {"model": "djangocms_text_ckeditor.text", "pk": 1037, "fields": {"body": "http://127.0.0.1:8080/media/filer_public/d5/83/d583a095-1081-4bb4-a1cd-7f89b91f0749/logo2.png"}}, {"model": "djangocms_text_ckeditor.text", "pk": 1042, "fields": {"body": "http://127.0.0.1:8080/media/filer_public/d5/83/d583a095-1081-4bb4-a1cd-7f89b91f0749/logo2.png"}}, {"model": "djangocms_text_ckeditor.text", "pk": 1046, "fields": {"body": "http://127.0.0.1:8080/media/filer_public/b4/f9/b4f91a30-ddd1-4e0c-b4d5-38e926cff662/earth.mp4"}}, {"model": "djangocms_text_ckeditor.text", "pk": 1047, "fields": {"body": "NIMBUS"}}, {"model": "djangocms_text_ckeditor.text", "pk": 1051, "fields": {"body": "<h2>NIMBUS Remote Sensing Lab</h2>\n\n<p class=\"lead topmargin-sm\">We harness the potential of Earth Observations and Geoanalytics to contribute with solving pressing contemporary challenges to sustainability.</p>"}}, {"model": "djangocms_text_ckeditor.text", "pk": 1052, "fields": {"body": "<a class=\"button button-rounded button-white button-light button-large\" href=\"contact.html\">Contact</a>"}}, {"model": "djangocms_text_ckeditor.text", "pk": 1060, "fields": {"body": "<a class=\"standard-logo\" href=\"index.html\" data-dark-logo=\"http://127.0.0.1:8080/media/filer_public/d5/83/d583a095-1081-4bb4-a1cd-7f89b91f0749/logo2.png\"><img alt=\"Canvas Logo\" src=\"http://127.0.0.1:8080/media/filer_public/d5/83/d583a095-1081-4bb4-a1cd-7f89b91f0749/logo2.png\"></a>"}}, {"model": "djangocms_text_ckeditor.text", "pk": 1076, "fields": {"body": "<a class=\"standard-logo\" data-dark-logo=\"http://127.0.0.1:8080/media/filer_public/d5/83/d583a095-1081-4bb4-a1cd-7f89b91f0749/logo2.png\" href=\"index.html\"><img alt=\"Canvas Logo\" src=\"http://127.0.0.1:8080/media/filer_public/d5/83/d583a095-1081-4bb4-a1cd-7f89b91f0749/logo2.png\"></a>"}}, {"model": "djangocms_text_ckeditor.text", "pk": 1169, "fields": {"body": "<h2>Remote Sensing and Spatial Analysis</h2>"}}, {"model": "djangocms_text_ckeditor.text", "pk": 1180, "fields": {"body": "<cms-plugin alt=\"Icon - 1236 \" id=\"1236\" title=\"Icon - 1236\"></cms-plugin>"}}, {"model": "djangocms_text_ckeditor.text", "pk": 1182, "fields": {"body": "<h3>Cutting Edge Earth Observation</h3>"}}, {"model": "djangocms_text_ckeditor.text", "pk": 1246, "fields": {"body": "<cms-plugin alt=\"Icon - 1247 \" id=\"1247\" title=\"Icon - 1247\"></cms-plugin>"}}, {"model": "djangocms_text_ckeditor.text", "pk": 1248, "fields": {"body": "<h3>SPATIAL-TEMPORAL SIMULATION</h3>"}}, {"model": "djangocms_text_ckeditor.text", "pk": 1252, "fields": {"body": "<cms-plugin alt=\"Icon - 1253 \" id=\"1253\" title=\"Icon - 1253\"></cms-plugin>"}}, {"model": "djangocms_text_ckeditor.text", "pk": 1254, "fields": {"body": "<h3>MACHINE LEARNING</h3>"}}, {"model": "djangocms_text_ckeditor.text", "pk": 1324, "fields": {"body": "<cms-plugin alt=\"Icon - 1325 \" id=\"1325\" title=\"Icon - 1325\"></cms-plugin>"}}, {"model": "djangocms_text_ckeditor.text", "pk": 1326, "fields": {"body": "<h3>Cutting Edge Earth Observation</h3>"}}, {"model": "djangocms_text_ckeditor.text", "pk": 1367, "fields": {"body": "<cms-plugin alt=\"Icon - 1368 \" id=\"1368\" title=\"Icon - 1368\"></cms-plugin>"}}, {"model": "djangocms_text_ckeditor.text", "pk": 1369, "fields": {"body": "<h3>PREDICTION MODELING</h3>"}}, {"model": "djangocms_text_ckeditor.text", "pk": 1520, "fields": {"body": "http://127.0.0.1:8080/media/filer_public/b4/f9/b4f91a30-ddd1-4e0c-b4d5-38e926cff662/earth.mp4"}}, {"model": "djangocms_text_ckeditor.text", "pk": 1521, "fields": {"body": "NIMBUS"}}, {"model": "djangocms_text_ckeditor.text", "pk": 1522, "fields": {"body": "http://127.0.0.1:8080/media/filer_public/b4/f9/b4f91a30-ddd1-4e0c-b4d5-38e926cff662/earth.mp4"}}, {"model": "djangocms_text_ckeditor.text", "pk": 1523, "fields": {"body": "NIMBUS"}}, {"model": "djangocms_text_ckeditor.text", "pk": 1632, "fields": {"body": "<p><cms-plugin alt=\"Icon - 1633 \" id=\"1633\" title=\"Icon - 1633\"></cms-plugin>308 Gladfelter Hall 1115 Polett Walk<br>\nPhiladelphia, PA 19122</p>\n\n<p><cms-plugin alt=\"Icon - 1634 \" id=\"1634\" title=\"Icon - 1634\"></cms-plugin><abbr title=\"Email Address\"><i></i></abbr>\u00a0info@nimbus.org</p>"}}, {"model": "djangocms_text_ckeditor.text", "pk": 1637, "fields": {"body": "<h4>LAB NEWS</h4>"}}, {"model": "djangocms_text_ckeditor.text", "pk": 1640, "fields": {"body": "<h5><strong>Subscribe</strong>\u00a0to Our Newsletter to get Important News.</h5>"}}, {"model": "djangocms_text_ckeditor.text", "pk": 1641, "fields": {"body": "<div class=\"widget-subscribe-form-result\"></div>\n                            <form action=\"include/subscribe.php\" method=\"post\" class=\"nobottommargin\" id=\"widget-subscribe-form\">\n                                <div class=\"input-group divcenter\">\n                                    <div class=\"input-group-prepend\">\n                                        <div class=\"input-group-text\"><i class=\"icon-email2\"></i></div>\n                                    </div>\n                                    <input type=\"email\" name=\"widget-subscribe-form-email\" id=\"widget-subscribe-form-email\" class=\"form-control required email\">\n                                    <div class=\"input-group-append\">\n                                        <button type=\"submit\" class=\"btn btn-success\">Subscribe</button>\n                                    </div>\n                                </div>\n                            </form>"}}, {"model": "djangocms_text_ckeditor.text", "pk": 1645, "fields": {"body": "Copyrights \u00a9 2018 All Rights Reserved by Nimbus."}}, {"model": "djangocms_text_ckeditor.text", "pk": 1647, "fields": {"body": "<div class=\"copyright-links\"><a href=\"#\">Terms of Use</a> / <a href=\"#\">Privacy Policy</a></div>"}}, {"model": "djangocms_text_ckeditor.text", "pk": 1649, "fields": {"body": "<cms-plugin alt=\"Icon - 1650 \" id=\"1650\" title=\"Icon - 1650\"></cms-plugin>info@nimbus.org"}}, {"model": "djangocms_text_ckeditor.text", "pk": 1858, "fields": {"body": "<h2>NIMBUS Remote Sensing Lab</h2>\n\n<p class=\"lead topmargin-sm\">We harness the potential of Earth Observations and Geoanalytics to contribute with solving pressing contemporary challenges to sustainability.</p>"}}, {"model": "djangocms_text_ckeditor.text", "pk": 1859, "fields": {"body": "<a href=\"contact.html\" class=\"button button-rounded button-white button-light button-large\">Contact</a>"}}, {"model": "djangocms_text_ckeditor.text", "pk": 1863, "fields": {"body": "<h2>Remote Sensing and Spatial Analysis</h2>"}}, {"model": "djangocms_text_ckeditor.text", "pk": 1868, "fields": {"body": "<cms-plugin id=\"1869\" title=\"Icon - 1869\" alt=\"Icon - 1869 \"></cms-plugin>"}}, {"model": "djangocms_text_ckeditor.text", "pk": 1870, "fields": {"body": "<h3>Cutting Edge Earth Observation</h3>"}}, {"model": "djangocms_text_ckeditor.text", "pk": 1874, "fields": {"body": "<cms-plugin id=\"1875\" title=\"Icon - 1875\" alt=\"Icon - 1875 \"></cms-plugin>"}}, {"model": "djangocms_text_ckeditor.text", "pk": 1876, "fields": {"body": "<h3>SPATIAL-TEMPORAL SIMULATION</h3>"}}, {"model": "djangocms_text_ckeditor.text", "pk": 1880, "fields": {"body": "<cms-plugin id=\"1881\" title=\"Icon - 1881\" alt=\"Icon - 1881 \"></cms-plugin>"}}, {"model": "djangocms_text_ckeditor.text", "pk": 1882, "fields": {"body": "<h3>MACHINE LEARNING</h3>"}}, {"model": "djangocms_text_ckeditor.text", "pk": 1887, "fields": {"body": "<cms-plugin id=\"1888\" title=\"Icon - 1888\" alt=\"Icon - 1888 \"></cms-plugin>"}}, {"model": "djangocms_text_ckeditor.text", "pk": 1889, "fields": {"body": "<h3>PREDICTION MODELING</h3>"}}, {"model": "djangocms_text_ckeditor.text", "pk": 1896, "fields": {"body": "http://127.0.0.1:8080/media/filer_public/b4/f9/b4f91a30-ddd1-4e0c-b4d5-38e926cff662/earth.mp4"}}, {"model": "djangocms_text_ckeditor.text", "pk": 1897, "fields": {"body": "NIMBUS"}}, {"model": "djangocms_text_ckeditor.text", "pk": 1901, "fields": {"body": "<h2>NIMBUS Remote Sensing Lab</h2>\n\n<p class=\"lead topmargin-sm\">We harness the potential of Earth Observations and Geoanalytics to contribute with solving pressing contemporary challenges to sustainability.</p>"}}, {"model": "djangocms_text_ckeditor.text", "pk": 1902, "fields": {"body": "<a class=\"button button-rounded button-white button-light button-large\" href=\"contact.html\">Contact</a>"}}, {"model": "djangocms_text_ckeditor.text", "pk": 1906, "fields": {"body": "<h2>Remote Sensing and Spatial Analysis</h2>"}}, {"model": "djangocms_text_ckeditor.text", "pk": 1911, "fields": {"body": "<cms-plugin alt=\"Icon - 1912 \" title=\"Icon - 1912\" id=\"1912\"></cms-plugin>"}}, {"model": "djangocms_text_ckeditor.text", "pk": 1913, "fields": {"body": "<h3>Cutting Edge Earth Observation</h3>"}}, {"model": "djangocms_text_ckeditor.text", "pk": 1917, "fields": {"body": "<cms-plugin alt=\"Icon - 1918 \" title=\"Icon - 1918\" id=\"1918\"></cms-plugin>"}}, {"model": "djangocms_text_ckeditor.text", "pk": 1919, "fields": {"body": "<h3>SPATIAL-TEMPORAL SIMULATION</h3>"}}, {"model": "djangocms_text_ckeditor.text", "pk": 1923, "fields": {"body": "<cms-plugin alt=\"Icon - 1924 \" title=\"Icon - 1924\" id=\"1924\"></cms-plugin>"}}, {"model": "djangocms_text_ckeditor.text", "pk": 1925, "fields": {"body": "<h3>MACHINE LEARNING</h3>"}}, {"model": "djangocms_text_ckeditor.text", "pk": 1930, "fields": {"body": "<cms-plugin alt=\"Icon - 1931 \" title=\"Icon - 1931\" id=\"1931\"></cms-plugin>"}}, {"model": "djangocms_text_ckeditor.text", "pk": 1932, "fields": {"body": "<h3>PREDICTION MODELING</h3>"}}, {"model": "djangocms_text_ckeditor.text", "pk": 1939, "fields": {"body": "http://127.0.0.1:8080/media/filer_public/b4/f9/b4f91a30-ddd1-4e0c-b4d5-38e926cff662/earth.mp4"}}, {"model": "djangocms_text_ckeditor.text", "pk": 1941, "fields": {"body": "NIMBUS"}}, {"model": "easy_thumbnails.source", "pk": 2, "fields": {"storage_hash": "f9bde26a1556cd667f742bd34ec7c55e", "name": "filer_public/8e/c5/8ec574d7-45fa-43e0-af3f-269b5fa1f193/1.jpg", "modified": "2018-12-30T21:56:56.892Z"}}, {"model": "easy_thumbnails.source", "pk": 4, "fields": {"storage_hash": "f9bde26a1556cd667f742bd34ec7c55e", "name": "filer_public/b4/f9/b4f91a30-ddd1-4e0c-b4d5-38e926cff662/earth.mp4", "modified": "2019-01-03T03:36:50.687Z"}}, {"model": "easy_thumbnails.source", "pk": 7, "fields": {"storage_hash": "f9bde26a1556cd667f742bd34ec7c55e", "name": "filer_public/02/25/02250de5-62d2-40f2-8a42-ab412a6668db/logo-footer.png", "modified": "2019-01-05T19:36:51.313Z"}}, {"model": "easy_thumbnails.source", "pk": 8, "fields": {"storage_hash": "f9bde26a1556cd667f742bd34ec7c55e", "name": "filer_public/d5/83/d583a095-1081-4bb4-a1cd-7f89b91f0749/logo2.png", "modified": "2019-01-06T03:11:06.399Z"}}, {"model": "easy_thumbnails.source", "pk": 9, "fields": {"storage_hash": "f9bde26a1556cd667f742bd34ec7c55e", "name": "filer_public/81/fc/81fc59a3-a1be-4544-b246-a10281938d72/transition2.jpg", "modified": "2019-01-06T19:19:19.101Z"}}, {"model": "easy_thumbnails.thumbnail", "pk": 14, "fields": {"storage_hash": "f9bde26a1556cd667f742bd34ec7c55e", "name": "filer_public_thumbnails\\filer_public/8e/c5/8ec574d7-45fa-43e0-af3f-269b5fa1f193\\1.jpg__32x32_q85_crop_subsampling-2_upscale.jpg", "modified": "2018-12-30T21:56:46.032Z", "source": 2}}, {"model": "easy_thumbnails.thumbnail", "pk": 15, "fields": {"storage_hash": "f9bde26a1556cd667f742bd34ec7c55e", "name": "filer_public_thumbnails\\filer_public/8e/c5/8ec574d7-45fa-43e0-af3f-269b5fa1f193\\1.jpg__48x48_q85_crop_subsampling-2_upscale.jpg", "modified": "2018-12-30T21:56:46.284Z", "source": 2}}, {"model": "easy_thumbnails.thumbnail", "pk": 16, "fields": {"storage_hash": "f9bde26a1556cd667f742bd34ec7c55e", "name": "filer_public_thumbnails\\filer_public/8e/c5/8ec574d7-45fa-43e0-af3f-269b5fa1f193\\1.jpg__64x64_q85_crop_subsampling-2_upscale.jpg", "modified": "2018-12-30T21:56:46.446Z", "source": 2}}, {"model": "easy_thumbnails.thumbnail", "pk": 17, "fields": {"storage_hash": "f9bde26a1556cd667f742bd34ec7c55e", "name": "filer_public_thumbnails\\filer_public/8e/c5/8ec574d7-45fa-43e0-af3f-269b5fa1f193\\1.jpg__16x16_q85_crop_subsampling-2_upscale.jpg", "modified": "2018-12-30T21:56:46.579Z", "source": 2}}, {"model": "easy_thumbnails.thumbnail", "pk": 18, "fields": {"storage_hash": "f9bde26a1556cd667f742bd34ec7c55e", "name": "filer_public_thumbnails\\filer_public/8e/c5/8ec574d7-45fa-43e0-af3f-269b5fa1f193\\1.jpg__180x180_q85_crop_subsampling-2_upscale.jpg", "modified": "2018-12-30T21:56:46.760Z", "source": 2}}, {"model": "easy_thumbnails.thumbnail", "pk": 19, "fields": {"storage_hash": "f9bde26a1556cd667f742bd34ec7c55e", "name": "filer_public_thumbnails\\filer_public/8e/c5/8ec574d7-45fa-43e0-af3f-269b5fa1f193\\1.jpg__400x300_q85_subsampling-2.jpg", "modified": "2018-12-30T21:56:57.068Z", "source": 2}}, {"model": "easy_thumbnails.thumbnail", "pk": 38, "fields": {"storage_hash": "f9bde26a1556cd667f742bd34ec7c55e", "name": "filer_public_thumbnails\\filer_public/02/25/02250de5-62d2-40f2-8a42-ab412a6668db\\logo-footer.png__32x32_q85_crop_subsampling-2_upscale.png", "modified": "2019-01-05T19:36:51.403Z", "source": 7}}, {"model": "easy_thumbnails.thumbnail", "pk": 39, "fields": {"storage_hash": "f9bde26a1556cd667f742bd34ec7c55e", "name": "filer_public_thumbnails\\filer_public/02/25/02250de5-62d2-40f2-8a42-ab412a6668db\\logo-footer.png__64x64_q85_crop_subsampling-2_upscale.png", "modified": "2019-01-05T19:36:51.700Z", "source": 7}}, {"model": "easy_thumbnails.thumbnail", "pk": 40, "fields": {"storage_hash": "f9bde26a1556cd667f742bd34ec7c55e", "name": "filer_public_thumbnails\\filer_public/02/25/02250de5-62d2-40f2-8a42-ab412a6668db\\logo-footer.png__16x16_q85_crop_subsampling-2_upscale.png", "modified": "2019-01-05T19:36:51.941Z", "source": 7}}, {"model": "easy_thumbnails.thumbnail", "pk": 41, "fields": {"storage_hash": "f9bde26a1556cd667f742bd34ec7c55e", "name": "filer_public_thumbnails\\filer_public/02/25/02250de5-62d2-40f2-8a42-ab412a6668db\\logo-footer.png__48x48_q85_crop_subsampling-2_upscale.png", "modified": "2019-01-05T19:36:52.089Z", "source": 7}}, {"model": "easy_thumbnails.thumbnail", "pk": 42, "fields": {"storage_hash": "f9bde26a1556cd667f742bd34ec7c55e", "name": "filer_public_thumbnails\\filer_public/02/25/02250de5-62d2-40f2-8a42-ab412a6668db\\logo-footer.png__180x180_q85_crop_subsampling-2_upscale.png", "modified": "2019-01-05T19:36:52.335Z", "source": 7}}, {"model": "easy_thumbnails.thumbnail", "pk": 43, "fields": {"storage_hash": "f9bde26a1556cd667f742bd34ec7c55e", "name": "filer_public_thumbnails\\filer_public/d5/83/d583a095-1081-4bb4-a1cd-7f89b91f0749\\logo2.png__64x64_q85_crop_subsampling-2_upscale.png", "modified": "2019-01-06T03:07:43.750Z", "source": 8}}, {"model": "easy_thumbnails.thumbnail", "pk": 44, "fields": {"storage_hash": "f9bde26a1556cd667f742bd34ec7c55e", "name": "filer_public_thumbnails\\filer_public/d5/83/d583a095-1081-4bb4-a1cd-7f89b91f0749\\logo2.png__16x16_q85_crop_subsampling-2_upscale.png", "modified": "2019-01-06T03:07:43.878Z", "source": 8}}, {"model": "easy_thumbnails.thumbnail", "pk": 45, "fields": {"storage_hash": "f9bde26a1556cd667f742bd34ec7c55e", "name": "filer_public_thumbnails\\filer_public/d5/83/d583a095-1081-4bb4-a1cd-7f89b91f0749\\logo2.png__32x32_q85_crop_subsampling-2_upscale.png", "modified": "2019-01-06T03:07:44.030Z", "source": 8}}, {"model": "easy_thumbnails.thumbnail", "pk": 46, "fields": {"storage_hash": "f9bde26a1556cd667f742bd34ec7c55e", "name": "filer_public_thumbnails\\filer_public/d5/83/d583a095-1081-4bb4-a1cd-7f89b91f0749\\logo2.png__48x48_q85_crop_subsampling-2_upscale.png", "modified": "2019-01-06T03:07:44.162Z", "source": 8}}, {"model": "easy_thumbnails.thumbnail", "pk": 47, "fields": {"storage_hash": "f9bde26a1556cd667f742bd34ec7c55e", "name": "filer_public_thumbnails\\filer_public/d5/83/d583a095-1081-4bb4-a1cd-7f89b91f0749\\logo2.png__180x180_q85_crop_subsampling-2_upscale.png", "modified": "2019-01-06T03:07:44.302Z", "source": 8}}, {"model": "easy_thumbnails.thumbnail", "pk": 48, "fields": {"storage_hash": "f9bde26a1556cd667f742bd34ec7c55e", "name": "filer_public_thumbnails\\filer_public/d5/83/d583a095-1081-4bb4-a1cd-7f89b91f0749\\logo2.png__210x0_q85_subsampling-2_upscale.png", "modified": "2019-01-06T03:07:47.926Z", "source": 8}}, {"model": "easy_thumbnails.thumbnail", "pk": 49, "fields": {"storage_hash": "f9bde26a1556cd667f742bd34ec7c55e", "name": "filer_public_thumbnails\\filer_public/d5/83/d583a095-1081-4bb4-a1cd-7f89b91f0749\\logo2.png__64x64_q85_crop_subject_location-145,88_subsampling-2_upscale.png", "modified": "2019-01-06T03:08:19.796Z", "source": 8}}, {"model": "easy_thumbnails.thumbnail", "pk": 50, "fields": {"storage_hash": "f9bde26a1556cd667f742bd34ec7c55e", "name": "filer_public_thumbnails\\filer_public/d5/83/d583a095-1081-4bb4-a1cd-7f89b91f0749\\logo2.png__16x16_q85_crop_subject_location-145,88_subsampling-2_upscale.png", "modified": "2019-01-06T03:08:19.896Z", "source": 8}}, {"model": "easy_thumbnails.thumbnail", "pk": 51, "fields": {"storage_hash": "f9bde26a1556cd667f742bd34ec7c55e", "name": "filer_public_thumbnails\\filer_public/d5/83/d583a095-1081-4bb4-a1cd-7f89b91f0749\\logo2.png__32x32_q85_crop_subject_location-145,88_subsampling-2_upscale.png", "modified": "2019-01-06T03:08:20.017Z", "source": 8}}, {"model": "easy_thumbnails.thumbnail", "pk": 52, "fields": {"storage_hash": "f9bde26a1556cd667f742bd34ec7c55e", "name": "filer_public_thumbnails\\filer_public/d5/83/d583a095-1081-4bb4-a1cd-7f89b91f0749\\logo2.png__48x48_q85_crop_subject_location-145,88_subsampling-2_upscale.png", "modified": "2019-01-06T03:08:20.115Z", "source": 8}}, {"model": "easy_thumbnails.thumbnail", "pk": 53, "fields": {"storage_hash": "f9bde26a1556cd667f742bd34ec7c55e", "name": "filer_public_thumbnails\\filer_public/d5/83/d583a095-1081-4bb4-a1cd-7f89b91f0749\\logo2.png__290x175_q85_subject_location-145,88_subsampling-2.png", "modified": "2019-01-06T03:08:52.493Z", "source": 8}}, {"model": "easy_thumbnails.thumbnail", "pk": 54, "fields": {"storage_hash": "f9bde26a1556cd667f742bd34ec7c55e", "name": "filer_public_thumbnails\\filer_public/d5/83/d583a095-1081-4bb4-a1cd-7f89b91f0749\\logo2.png__210x0_q85_subject_location-145,88_subsampling-2_upscale.png", "modified": "2019-01-06T03:11:06.506Z", "source": 8}}, {"model": "easy_thumbnails.thumbnail", "pk": 55, "fields": {"storage_hash": "f9bde26a1556cd667f742bd34ec7c55e", "name": "filer_public_thumbnails\\filer_public/81/fc/81fc59a3-a1be-4544-b246-a10281938d72\\transition2.jpg__64x64_q85_crop_subsampling-2_upscale.jpg", "modified": "2019-01-06T19:19:07.341Z", "source": 9}}, {"model": "easy_thumbnails.thumbnail", "pk": 56, "fields": {"storage_hash": "f9bde26a1556cd667f742bd34ec7c55e", "name": "filer_public_thumbnails\\filer_public/81/fc/81fc59a3-a1be-4544-b246-a10281938d72\\transition2.jpg__48x48_q85_crop_subsampling-2_upscale.jpg", "modified": "2019-01-06T19:19:07.671Z", "source": 9}}, {"model": "easy_thumbnails.thumbnail", "pk": 57, "fields": {"storage_hash": "f9bde26a1556cd667f742bd34ec7c55e", "name": "filer_public_thumbnails\\filer_public/81/fc/81fc59a3-a1be-4544-b246-a10281938d72\\transition2.jpg__16x16_q85_crop_subsampling-2_upscale.jpg", "modified": "2019-01-06T19:19:07.913Z", "source": 9}}, {"model": "easy_thumbnails.thumbnail", "pk": 58, "fields": {"storage_hash": "f9bde26a1556cd667f742bd34ec7c55e", "name": "filer_public_thumbnails\\filer_public/81/fc/81fc59a3-a1be-4544-b246-a10281938d72\\transition2.jpg__32x32_q85_crop_subsampling-2_upscale.jpg", "modified": "2019-01-06T19:19:08.367Z", "source": 9}}, {"model": "easy_thumbnails.thumbnail", "pk": 59, "fields": {"storage_hash": "f9bde26a1556cd667f742bd34ec7c55e", "name": "filer_public_thumbnails\\filer_public/81/fc/81fc59a3-a1be-4544-b246-a10281938d72\\transition2.jpg__180x180_q85_crop_subsampling-2_upscale.jpg", "modified": "2019-01-06T19:19:08.948Z", "source": 9}}, {"model": "easy_thumbnails.thumbnail", "pk": 60, "fields": {"storage_hash": "f9bde26a1556cd667f742bd34ec7c55e", "name": "filer_public_thumbnails\\filer_public/81/fc/81fc59a3-a1be-4544-b246-a10281938d72\\transition2.jpg__210x0_q85_subsampling-2_upscale.jpg", "modified": "2019-01-06T19:19:19.196Z", "source": 9}}, {"model": "djangocms_forms.form", "pk": 1, "fields": {"name": "Suscribe News"}}, {"model": "djangocms_picture.picture", "pk": 142, "fields": {"template": "default", "picture": 7, "external_picture": "", "width": null, "height": null, "alignment": "", "caption_text": "", "attributes": {"class": "footer-logo"}, "link_url": "", "link_page": null, "link_target": "", "link_attributes": {}, "use_automatic_scaling": false, "use_no_cropping": true, "use_crop": false, "use_upscale": false, "use_responsive_image": "inherit", "thumbnail_options": null}}, {"model": "djangocms_picture.picture", "pk": 1611, "fields": {"template": "default", "picture": 7, "external_picture": "", "width": null, "height": null, "alignment": "", "caption_text": "", "attributes": {"class": "footer-logo"}, "link_url": "", "link_page": null, "link_target": "", "link_attributes": {}, "use_automatic_scaling": false, "use_no_cropping": true, "use_crop": false, "use_upscale": false, "use_responsive_image": "inherit", "thumbnail_options": null}}, {"model": "djangocms_style.style", "pk": 134, "fields": {"template": "default", "label": "footer", "tag_type": "footer", "class_name": "", "additional_classes": "dark", "id_name": "footer", "attributes": {}, "padding_top": null, "padding_right": null, "padding_bottom": null, "padding_left": null, "margin_top": null, "margin_right": null, "margin_bottom": null, "margin_left": null}}, {"model": "djangocms_style.style", "pk": 135, "fields": {"template": "default", "label": "container", "tag_type": "div", "class_name": "container", "additional_classes": "", "id_name": "", "attributes": {}, "padding_top": null, "padding_right": null, "padding_bottom": null, "padding_left": null, "margin_top": null, "margin_right": null, "margin_bottom": null, "margin_left": null}}, {"model": "djangocms_style.style", "pk": 136, "fields": {"template": "default", "label": "div", "tag_type": "div", "class_name": "", "additional_classes": "footer-widgets-wrap, clearfix", "id_name": "", "attributes": {}, "padding_top": null, "padding_right": null, "padding_bottom": null, "padding_left": null, "margin_top": null, "margin_right": null, "margin_bottom": null, "margin_left": null}}, {"model": "djangocms_style.style", "pk": 137, "fields": {"template": "default", "label": "column1", "tag_type": "div", "class_name": "", "additional_classes": "col_one_third", "id_name": "", "attributes": {}, "padding_top": null, "padding_right": null, "padding_bottom": null, "padding_left": null, "margin_top": null, "margin_right": null, "margin_bottom": null, "margin_left": null}}, {"model": "djangocms_style.style", "pk": 141, "fields": {"template": "default", "label": "", "tag_type": "div", "class_name": "", "additional_classes": "widget, clearfix", "id_name": "", "attributes": {}, "padding_top": null, "padding_right": null, "padding_bottom": null, "padding_left": null, "margin_top": null, "margin_right": null, "margin_bottom": null, "margin_left": null}}, {"model": "djangocms_style.style", "pk": 163, "fields": {"template": "default", "label": "background map", "tag_type": "div", "class_name": "", "additional_classes": "info", "id_name": "", "attributes": {}, "padding_top": null, "padding_right": null, "padding_bottom": null, "padding_left": null, "margin_top": null, "margin_right": null, "margin_bottom": null, "margin_left": null}}, {"model": "djangocms_style.style", "pk": 175, "fields": {"template": "default", "label": "address", "tag_type": "address", "class_name": "", "additional_classes": "", "id_name": "", "attributes": {}, "padding_top": null, "padding_right": null, "padding_bottom": null, "padding_left": null, "margin_top": null, "margin_right": null, "margin_bottom": null, "margin_left": null}}, {"model": "djangocms_style.style", "pk": 616, "fields": {"template": "default", "label": "column2", "tag_type": "div", "class_name": "", "additional_classes": "col_one_third", "id_name": "", "attributes": {}, "padding_top": null, "padding_right": null, "padding_bottom": null, "padding_left": null, "margin_top": null, "margin_right": null, "margin_bottom": null, "margin_left": null}}, {"model": "djangocms_style.style", "pk": 617, "fields": {"template": "default", "label": "", "tag_type": "div", "class_name": "", "additional_classes": "widget, clearfix", "id_name": "", "attributes": {}, "padding_top": null, "padding_right": null, "padding_bottom": null, "padding_left": null, "margin_top": null, "margin_right": null, "margin_bottom": null, "margin_left": null}}, {"model": "djangocms_style.style", "pk": 642, "fields": {"template": "default", "label": "column3", "tag_type": "div", "class_name": "", "additional_classes": "col_one_third, col_last", "id_name": "", "attributes": {}, "padding_top": null, "padding_right": null, "padding_bottom": null, "padding_left": null, "margin_top": null, "margin_right": null, "margin_bottom": null, "margin_left": null}}, {"model": "djangocms_style.style", "pk": 643, "fields": {"template": "default", "label": "", "tag_type": "div", "class_name": "", "additional_classes": "widget, clearfix", "id_name": "", "attributes": {}, "padding_top": null, "padding_right": null, "padding_bottom": null, "padding_left": null, "margin_top": null, "margin_right": null, "margin_bottom": null, "margin_left": null}}, {"model": "djangocms_style.style", "pk": 923, "fields": {"template": "default", "label": "copyright", "tag_type": "div", "class_name": "", "additional_classes": "", "id_name": "copyrights", "attributes": {}, "padding_top": null, "padding_right": null, "padding_bottom": null, "padding_left": null, "margin_top": null, "margin_right": null, "margin_bottom": null, "margin_left": null}}, {"model": "djangocms_style.style", "pk": 924, "fields": {"template": "default", "label": "div", "tag_type": "div", "class_name": "container", "additional_classes": "clearfix", "id_name": "", "attributes": {}, "padding_top": null, "padding_right": null, "padding_bottom": null, "padding_left": null, "margin_top": null, "margin_right": null, "margin_bottom": null, "margin_left": null}}, {"model": "djangocms_style.style", "pk": 925, "fields": {"template": "default", "label": "div", "tag_type": "div", "class_name": "", "additional_classes": "col_half", "id_name": "", "attributes": {}, "padding_top": null, "padding_right": null, "padding_bottom": null, "padding_left": null, "margin_top": null, "margin_right": null, "margin_bottom": null, "margin_left": null}}, {"model": "djangocms_style.style", "pk": 927, "fields": {"template": "default", "label": "div", "tag_type": "div", "class_name": "", "additional_classes": "copyright-links", "id_name": "", "attributes": {}, "padding_top": null, "padding_right": null, "padding_bottom": null, "padding_left": null, "margin_top": null, "margin_right": null, "margin_bottom": null, "margin_left": null}}, {"model": "djangocms_style.style", "pk": 929, "fields": {"template": "default", "label": "div", "tag_type": "div", "class_name": "", "additional_classes": "col_half, col_last, tright", "id_name": "", "attributes": {}, "padding_top": null, "padding_right": null, "padding_bottom": null, "padding_left": null, "margin_top": null, "margin_right": null, "margin_bottom": null, "margin_left": null}}, {"model": "djangocms_style.style", "pk": 1048, "fields": {"template": "default", "label": "call to action", "tag_type": "section", "class_name": "", "additional_classes": "parallax, dark, nomargin, noborder, call-to-action", "id_name": "", "attributes": {"data-top-bottom": "background-position:0px -300px;", "data-bottom-top": "background-position:0px 300px;"}, "padding_top": null, "padding_right": null, "padding_bottom": null, "padding_left": null, "margin_top": null, "margin_right": null, "margin_bottom": null, "margin_left": null}}, {"model": "djangocms_style.style", "pk": 1049, "fields": {"template": "default", "label": "div", "tag_type": "div", "class_name": "container", "additional_classes": "center, clearfix", "id_name": "", "attributes": {}, "padding_top": null, "padding_right": null, "padding_bottom": null, "padding_left": null, "margin_top": null, "margin_right": null, "margin_bottom": null, "margin_left": null}}, {"model": "djangocms_style.style", "pk": 1050, "fields": {"template": "default", "label": "div", "tag_type": "div", "class_name": "", "additional_classes": "emphasis-title", "id_name": "", "attributes": {}, "padding_top": null, "padding_right": null, "padding_bottom": null, "padding_left": null, "margin_top": null, "margin_right": null, "margin_bottom": null, "margin_left": null}}, {"model": "djangocms_style.style", "pk": 1105, "fields": {"template": "default", "label": "programs", "tag_type": "div", "class_name": "", "additional_classes": "section, programs", "id_name": "", "attributes": {}, "padding_top": null, "padding_right": null, "padding_bottom": null, "padding_left": null, "margin_top": null, "margin_right": null, "margin_bottom": null, "margin_left": null}}, {"model": "djangocms_style.style", "pk": 1167, "fields": {"template": "default", "label": "div", "tag_type": "div", "class_name": "container", "additional_classes": "", "id_name": "", "attributes": {}, "padding_top": null, "padding_right": null, "padding_bottom": null, "padding_left": null, "margin_top": null, "margin_right": null, "margin_bottom": null, "margin_left": null}}, {"model": "djangocms_style.style", "pk": 1168, "fields": {"template": "default", "label": "div", "tag_type": "div", "class_name": "", "additional_classes": "heading-block, center", "id_name": "", "attributes": {}, "padding_top": null, "padding_right": null, "padding_bottom": null, "padding_left": null, "margin_top": null, "margin_right": null, "margin_bottom": null, "margin_left": null}}, {"model": "djangocms_style.style", "pk": 1176, "fields": {"template": "default", "label": "", "tag_type": "div", "class_name": "", "additional_classes": "clear, bottommargin-sm", "id_name": "", "attributes": {}, "padding_top": null, "padding_right": null, "padding_bottom": null, "padding_left": null, "margin_top": null, "margin_right": null, "margin_bottom": null, "margin_left": null}}, {"model": "djangocms_style.style", "pk": 1177, "fields": {"template": "default", "label": "col_one_third", "tag_type": "div", "class_name": "", "additional_classes": "col_one_third", "id_name": "", "attributes": {}, "padding_top": null, "padding_right": null, "padding_bottom": null, "padding_left": null, "margin_top": null, "margin_right": null, "margin_bottom": null, "margin_left": null}}, {"model": "djangocms_style.style", "pk": 1178, "fields": {"template": "default", "label": "div", "tag_type": "div", "class_name": "", "additional_classes": "feature-box, fbox-small", "id_name": "", "attributes": {"data-animate": "fadeIn"}, "padding_top": null, "padding_right": null, "padding_bottom": null, "padding_left": null, "margin_top": null, "margin_right": null, "margin_bottom": null, "margin_left": null}}, {"model": "djangocms_style.style", "pk": 1179, "fields": {"template": "default", "label": "icon", "tag_type": "div", "class_name": "", "additional_classes": "fbox-icon", "id_name": "", "attributes": {}, "padding_top": null, "padding_right": null, "padding_bottom": null, "padding_left": null, "margin_top": null, "margin_right": null, "margin_bottom": null, "margin_left": null}}, {"model": "djangocms_style.style", "pk": 1243, "fields": {"template": "default", "label": "col_one_third", "tag_type": "div", "class_name": "", "additional_classes": "col_one_third", "id_name": "", "attributes": {}, "padding_top": null, "padding_right": null, "padding_bottom": null, "padding_left": null, "margin_top": null, "margin_right": null, "margin_bottom": null, "margin_left": null}}, {"model": "djangocms_style.style", "pk": 1244, "fields": {"template": "default", "label": "div", "tag_type": "div", "class_name": "", "additional_classes": "feature-box, fbox-small", "id_name": "", "attributes": {"data-animate": "fadeIn"}, "padding_top": null, "padding_right": null, "padding_bottom": null, "padding_left": null, "margin_top": null, "margin_right": null, "margin_bottom": null, "margin_left": null}}, {"model": "djangocms_style.style", "pk": 1245, "fields": {"template": "default", "label": "icon", "tag_type": "div", "class_name": "", "additional_classes": "fbox-icon", "id_name": "", "attributes": {}, "padding_top": null, "padding_right": null, "padding_bottom": null, "padding_left": null, "margin_top": null, "margin_right": null, "margin_bottom": null, "margin_left": null}}, {"model": "djangocms_style.style", "pk": 1249, "fields": {"template": "default", "label": "col_one_third", "tag_type": "div", "class_name": "", "additional_classes": "col_one_third, col_last", "id_name": "", "attributes": {}, "padding_top": null, "padding_right": null, "padding_bottom": null, "padding_left": null, "margin_top": null, "margin_right": null, "margin_bottom": null, "margin_left": null}}, {"model": "djangocms_style.style", "pk": 1250, "fields": {"template": "default", "label": "div", "tag_type": "div", "class_name": "", "additional_classes": "feature-box, fbox-small", "id_name": "", "attributes": {"data-animate": "fadeIn"}, "padding_top": null, "padding_right": null, "padding_bottom": null, "padding_left": null, "margin_top": null, "margin_right": null, "margin_bottom": null, "margin_left": null}}, {"model": "djangocms_style.style", "pk": 1251, "fields": {"template": "default", "label": "icon", "tag_type": "div", "class_name": "", "additional_classes": "fbox-icon", "id_name": "", "attributes": {}, "padding_top": null, "padding_right": null, "padding_bottom": null, "padding_left": null, "margin_top": null, "margin_right": null, "margin_bottom": null, "margin_left": null}}, {"model": "djangocms_style.style", "pk": 1321, "fields": {"template": "default", "label": "col_one_third", "tag_type": "div", "class_name": "", "additional_classes": "col_one_third, center", "id_name": "", "attributes": {}, "padding_top": null, "padding_right": null, "padding_bottom": null, "padding_left": null, "margin_top": null, "margin_right": null, "margin_bottom": null, "margin_left": null}}, {"model": "djangocms_style.style", "pk": 1322, "fields": {"template": "default", "label": "div", "tag_type": "div", "class_name": "", "additional_classes": "feature-box, fbox-small", "id_name": "", "attributes": {"data-animate": "fadeIn"}, "padding_top": null, "padding_right": null, "padding_bottom": null, "padding_left": null, "margin_top": null, "margin_right": null, "margin_bottom": null, "margin_left": null}}, {"model": "djangocms_style.style", "pk": 1323, "fields": {"template": "default", "label": "icon", "tag_type": "div", "class_name": "", "additional_classes": "fbox-icon", "id_name": "", "attributes": {}, "padding_top": null, "padding_right": null, "padding_bottom": null, "padding_left": null, "margin_top": null, "margin_right": null, "margin_bottom": null, "margin_left": null}}, {"model": "djangocms_style.style", "pk": 1363, "fields": {"template": "default", "label": "clear", "tag_type": "div", "class_name": "", "additional_classes": "clear", "id_name": "", "attributes": {}, "padding_top": null, "padding_right": null, "padding_bottom": null, "padding_left": null, "margin_top": null, "margin_right": null, "margin_bottom": null, "margin_left": null}}, {"model": "djangocms_style.style", "pk": 1364, "fields": {"template": "default", "label": "col_one_third", "tag_type": "div", "class_name": "", "additional_classes": "col_one_third", "id_name": "", "attributes": {}, "padding_top": null, "padding_right": null, "padding_bottom": null, "padding_left": null, "margin_top": null, "margin_right": null, "margin_bottom": null, "margin_left": null}}, {"model": "djangocms_style.style", "pk": 1365, "fields": {"template": "default", "label": "div", "tag_type": "div", "class_name": "", "additional_classes": "feature-box, fbox-small", "id_name": "", "attributes": {"data-animate": "fadeIn"}, "padding_top": null, "padding_right": null, "padding_bottom": null, "padding_left": null, "margin_top": null, "margin_right": null, "margin_bottom": null, "margin_left": null}}, {"model": "djangocms_style.style", "pk": 1366, "fields": {"template": "default", "label": "icon", "tag_type": "div", "class_name": "", "additional_classes": "fbox-icon", "id_name": "", "attributes": {}, "padding_top": null, "padding_right": null, "padding_bottom": null, "padding_left": null, "margin_top": null, "margin_right": null, "margin_bottom": null, "margin_left": null}}, {"model": "djangocms_style.style", "pk": 1606, "fields": {"template": "default", "label": "footer", "tag_type": "footer", "class_name": "", "additional_classes": "dark", "id_name": "footer", "attributes": {}, "padding_top": null, "padding_right": null, "padding_bottom": null, "padding_left": null, "margin_top": null, "margin_right": null, "margin_bottom": null, "margin_left": null}}, {"model": "djangocms_style.style", "pk": 1607, "fields": {"template": "default", "label": "container", "tag_type": "div", "class_name": "container", "additional_classes": "", "id_name": "", "attributes": {}, "padding_top": null, "padding_right": null, "padding_bottom": null, "padding_left": null, "margin_top": null, "margin_right": null, "margin_bottom": null, "margin_left": null}}, {"model": "djangocms_style.style", "pk": 1608, "fields": {"template": "default", "label": "div", "tag_type": "div", "class_name": "", "additional_classes": "footer-widgets-wrap, clearfix", "id_name": "", "attributes": {}, "padding_top": null, "padding_right": null, "padding_bottom": null, "padding_left": null, "margin_top": null, "margin_right": null, "margin_bottom": null, "margin_left": null}}, {"model": "djangocms_style.style", "pk": 1609, "fields": {"template": "default", "label": "column1", "tag_type": "div", "class_name": "", "additional_classes": "col_one_third", "id_name": "", "attributes": {}, "padding_top": null, "padding_right": null, "padding_bottom": null, "padding_left": null, "margin_top": null, "margin_right": null, "margin_bottom": null, "margin_left": null}}, {"model": "djangocms_style.style", "pk": 1610, "fields": {"template": "default", "label": "", "tag_type": "div", "class_name": "", "additional_classes": "widget, clearfix", "id_name": "", "attributes": {}, "padding_top": null, "padding_right": null, "padding_bottom": null, "padding_left": null, "margin_top": null, "margin_right": null, "margin_bottom": null, "margin_left": null}}, {"model": "djangocms_style.style", "pk": 1612, "fields": {"template": "default", "label": "background map", "tag_type": "div", "class_name": "", "additional_classes": "info", "id_name": "", "attributes": {}, "padding_top": null, "padding_right": null, "padding_bottom": null, "padding_left": null, "margin_top": null, "margin_right": null, "margin_bottom": null, "margin_left": null}}, {"model": "djangocms_style.style", "pk": 1613, "fields": {"template": "default", "label": "address", "tag_type": "address", "class_name": "", "additional_classes": "", "id_name": "", "attributes": {}, "padding_top": null, "padding_right": null, "padding_bottom": null, "padding_left": null, "margin_top": null, "margin_right": null, "margin_bottom": null, "margin_left": null}}, {"model": "djangocms_style.style", "pk": 1635, "fields": {"template": "default", "label": "column2", "tag_type": "div", "class_name": "", "additional_classes": "col_one_third", "id_name": "", "attributes": {}, "padding_top": null, "padding_right": null, "padding_bottom": null, "padding_left": null, "margin_top": null, "margin_right": null, "margin_bottom": null, "margin_left": null}}, {"model": "djangocms_style.style", "pk": 1636, "fields": {"template": "default", "label": "", "tag_type": "div", "class_name": "", "additional_classes": "widget, clearfix", "id_name": "", "attributes": {}, "padding_top": null, "padding_right": null, "padding_bottom": null, "padding_left": null, "margin_top": null, "margin_right": null, "margin_bottom": null, "margin_left": null}}, {"model": "djangocms_style.style", "pk": 1638, "fields": {"template": "default", "label": "column3", "tag_type": "div", "class_name": "", "additional_classes": "col_one_third, col_last", "id_name": "", "attributes": {}, "padding_top": null, "padding_right": null, "padding_bottom": null, "padding_left": null, "margin_top": null, "margin_right": null, "margin_bottom": null, "margin_left": null}}, {"model": "djangocms_style.style", "pk": 1639, "fields": {"template": "default", "label": "", "tag_type": "div", "class_name": "", "additional_classes": "widget, clearfix", "id_name": "", "attributes": {}, "padding_top": null, "padding_right": null, "padding_bottom": null, "padding_left": null, "margin_top": null, "margin_right": null, "margin_bottom": null, "margin_left": null}}, {"model": "djangocms_style.style", "pk": 1642, "fields": {"template": "default", "label": "copyright", "tag_type": "div", "class_name": "", "additional_classes": "", "id_name": "copyrights", "attributes": {}, "padding_top": null, "padding_right": null, "padding_bottom": null, "padding_left": null, "margin_top": null, "margin_right": null, "margin_bottom": null, "margin_left": null}}, {"model": "djangocms_style.style", "pk": 1643, "fields": {"template": "default", "label": "div", "tag_type": "div", "class_name": "container", "additional_classes": "clearfix", "id_name": "", "attributes": {}, "padding_top": null, "padding_right": null, "padding_bottom": null, "padding_left": null, "margin_top": null, "margin_right": null, "margin_bottom": null, "margin_left": null}}, {"model": "djangocms_style.style", "pk": 1644, "fields": {"template": "default", "label": "div", "tag_type": "div", "class_name": "", "additional_classes": "col_half", "id_name": "", "attributes": {}, "padding_top": null, "padding_right": null, "padding_bottom": null, "padding_left": null, "margin_top": null, "margin_right": null, "margin_bottom": null, "margin_left": null}}, {"model": "djangocms_style.style", "pk": 1646, "fields": {"template": "default", "label": "div", "tag_type": "div", "class_name": "", "additional_classes": "copyright-links", "id_name": "", "attributes": {}, "padding_top": null, "padding_right": null, "padding_bottom": null, "padding_left": null, "margin_top": null, "margin_right": null, "margin_bottom": null, "margin_left": null}}, {"model": "djangocms_style.style", "pk": 1648, "fields": {"template": "default", "label": "div", "tag_type": "div", "class_name": "", "additional_classes": "col_half, col_last, tright", "id_name": "", "attributes": {}, "padding_top": null, "padding_right": null, "padding_bottom": null, "padding_left": null, "margin_top": null, "margin_right": null, "margin_bottom": null, "margin_left": null}}, {"model": "djangocms_style.style", "pk": 1651, "fields": {"template": "default", "label": "transition image", "tag_type": "div", "class_name": "", "additional_classes": "section, parallax, dark, nomargin, noborder", "id_name": "trans-image", "attributes": {"data-top-bottom": "background-position:0px -300px;", "data-bottom-top": "background-position:0px 300px"}, "padding_top": 150, "padding_right": 0, "padding_bottom": 150, "padding_left": 0, "margin_top": null, "margin_right": null, "margin_bottom": null, "margin_left": null}}, {"model": "djangocms_style.style", "pk": 1690, "fields": {"template": "default", "label": "div", "tag_type": "div", "class_name": "container", "additional_classes": "center, clearfix", "id_name": "", "attributes": {}, "padding_top": null, "padding_right": null, "padding_bottom": null, "padding_left": null, "margin_top": null, "margin_right": null, "margin_bottom": null, "margin_left": null}}, {"model": "djangocms_style.style", "pk": 1691, "fields": {"template": "default", "label": "space", "tag_type": "div", "class_name": "", "additional_classes": "space", "id_name": "", "attributes": {}, "padding_top": null, "padding_right": null, "padding_bottom": null, "padding_left": null, "margin_top": null, "margin_right": null, "margin_bottom": null, "margin_left": null}}, {"model": "djangocms_style.style", "pk": 1852, "fields": {"template": "default", "label": "partners", "tag_type": "div", "class_name": "container", "additional_classes": "clearfix, bottommargin-lg", "id_name": "", "attributes": {}, "padding_top": null, "padding_right": null, "padding_bottom": null, "padding_left": null, "margin_top": null, "margin_right": null, "margin_bottom": null, "margin_left": null}}, {"model": "djangocms_style.style", "pk": 1853, "fields": {"template": "default", "label": "", "tag_type": "div", "class_name": "", "additional_classes": "clear", "id_name": "", "attributes": {}, "padding_top": null, "padding_right": null, "padding_bottom": null, "padding_left": null, "margin_top": null, "margin_right": null, "margin_bottom": null, "margin_left": null}}, {"model": "djangocms_style.style", "pk": 1854, "fields": {"template": "default", "label": "line", "tag_type": "div", "class_name": "", "additional_classes": "line", "id_name": "", "attributes": {}, "padding_top": null, "padding_right": null, "padding_bottom": null, "padding_left": null, "margin_top": null, "margin_right": null, "margin_bottom": null, "margin_left": null}}, {"model": "djangocms_style.style", "pk": 1855, "fields": {"template": "default", "label": "call to action", "tag_type": "section", "class_name": "", "additional_classes": "parallax, dark, nomargin, noborder, call-to-action", "id_name": "", "attributes": {"data-top-bottom": "background-position:0px -300px;", "data-bottom-top": "background-position:0px 300px;"}, "padding_top": null, "padding_right": null, "padding_bottom": null, "padding_left": null, "margin_top": null, "margin_right": null, "margin_bottom": null, "margin_left": null}}, {"model": "djangocms_style.style", "pk": 1856, "fields": {"template": "default", "label": "div", "tag_type": "div", "class_name": "container", "additional_classes": "center, clearfix", "id_name": "", "attributes": {}, "padding_top": null, "padding_right": null, "padding_bottom": null, "padding_left": null, "margin_top": null, "margin_right": null, "margin_bottom": null, "margin_left": null}}, {"model": "djangocms_style.style", "pk": 1857, "fields": {"template": "default", "label": "div", "tag_type": "div", "class_name": "", "additional_classes": "emphasis-title", "id_name": "", "attributes": {}, "padding_top": null, "padding_right": null, "padding_bottom": null, "padding_left": null, "margin_top": null, "margin_right": null, "margin_bottom": null, "margin_left": null}}, {"model": "djangocms_style.style", "pk": 1860, "fields": {"template": "default", "label": "programs", "tag_type": "div", "class_name": "", "additional_classes": "section, programs", "id_name": "", "attributes": {}, "padding_top": null, "padding_right": null, "padding_bottom": null, "padding_left": null, "margin_top": null, "margin_right": null, "margin_bottom": null, "margin_left": null}}, {"model": "djangocms_style.style", "pk": 1861, "fields": {"template": "default", "label": "div", "tag_type": "div", "class_name": "container", "additional_classes": "", "id_name": "", "attributes": {}, "padding_top": null, "padding_right": null, "padding_bottom": null, "padding_left": null, "margin_top": null, "margin_right": null, "margin_bottom": null, "margin_left": null}}, {"model": "djangocms_style.style", "pk": 1862, "fields": {"template": "default", "label": "div", "tag_type": "div", "class_name": "", "additional_classes": "heading-block, center", "id_name": "", "attributes": {}, "padding_top": null, "padding_right": null, "padding_bottom": null, "padding_left": null, "margin_top": null, "margin_right": null, "margin_bottom": null, "margin_left": null}}, {"model": "djangocms_style.style", "pk": 1864, "fields": {"template": "default", "label": "", "tag_type": "div", "class_name": "", "additional_classes": "clear, bottommargin-sm", "id_name": "", "attributes": {}, "padding_top": null, "padding_right": null, "padding_bottom": null, "padding_left": null, "margin_top": null, "margin_right": null, "margin_bottom": null, "margin_left": null}}, {"model": "djangocms_style.style", "pk": 1865, "fields": {"template": "default", "label": "col_one_third", "tag_type": "div", "class_name": "", "additional_classes": "col_one_third", "id_name": "", "attributes": {}, "padding_top": null, "padding_right": null, "padding_bottom": null, "padding_left": null, "margin_top": null, "margin_right": null, "margin_bottom": null, "margin_left": null}}, {"model": "djangocms_style.style", "pk": 1866, "fields": {"template": "default", "label": "div", "tag_type": "div", "class_name": "", "additional_classes": "feature-box, fbox-small", "id_name": "", "attributes": {"data-animate": "fadeIn"}, "padding_top": null, "padding_right": null, "padding_bottom": null, "padding_left": null, "margin_top": null, "margin_right": null, "margin_bottom": null, "margin_left": null}}, {"model": "djangocms_style.style", "pk": 1867, "fields": {"template": "default", "label": "icon", "tag_type": "div", "class_name": "", "additional_classes": "fbox-icon", "id_name": "", "attributes": {}, "padding_top": null, "padding_right": null, "padding_bottom": null, "padding_left": null, "margin_top": null, "margin_right": null, "margin_bottom": null, "margin_left": null}}, {"model": "djangocms_style.style", "pk": 1871, "fields": {"template": "default", "label": "col_one_third", "tag_type": "div", "class_name": "", "additional_classes": "col_one_third", "id_name": "", "attributes": {}, "padding_top": null, "padding_right": null, "padding_bottom": null, "padding_left": null, "margin_top": null, "margin_right": null, "margin_bottom": null, "margin_left": null}}, {"model": "djangocms_style.style", "pk": 1872, "fields": {"template": "default", "label": "div", "tag_type": "div", "class_name": "", "additional_classes": "feature-box, fbox-small", "id_name": "", "attributes": {"data-animate": "fadeIn"}, "padding_top": null, "padding_right": null, "padding_bottom": null, "padding_left": null, "margin_top": null, "margin_right": null, "margin_bottom": null, "margin_left": null}}, {"model": "djangocms_style.style", "pk": 1873, "fields": {"template": "default", "label": "icon", "tag_type": "div", "class_name": "", "additional_classes": "fbox-icon", "id_name": "", "attributes": {}, "padding_top": null, "padding_right": null, "padding_bottom": null, "padding_left": null, "margin_top": null, "margin_right": null, "margin_bottom": null, "margin_left": null}}, {"model": "djangocms_style.style", "pk": 1877, "fields": {"template": "default", "label": "col_one_third", "tag_type": "div", "class_name": "", "additional_classes": "col_one_third, col_last", "id_name": "", "attributes": {}, "padding_top": null, "padding_right": null, "padding_bottom": null, "padding_left": null, "margin_top": null, "margin_right": null, "margin_bottom": null, "margin_left": null}}, {"model": "djangocms_style.style", "pk": 1878, "fields": {"template": "default", "label": "div", "tag_type": "div", "class_name": "", "additional_classes": "feature-box, fbox-small", "id_name": "", "attributes": {"data-animate": "fadeIn"}, "padding_top": null, "padding_right": null, "padding_bottom": null, "padding_left": null, "margin_top": null, "margin_right": null, "margin_bottom": null, "margin_left": null}}, {"model": "djangocms_style.style", "pk": 1879, "fields": {"template": "default", "label": "icon", "tag_type": "div", "class_name": "", "additional_classes": "fbox-icon", "id_name": "", "attributes": {}, "padding_top": null, "padding_right": null, "padding_bottom": null, "padding_left": null, "margin_top": null, "margin_right": null, "margin_bottom": null, "margin_left": null}}, {"model": "djangocms_style.style", "pk": 1883, "fields": {"template": "default", "label": "clear", "tag_type": "div", "class_name": "", "additional_classes": "clear", "id_name": "", "attributes": {}, "padding_top": null, "padding_right": null, "padding_bottom": null, "padding_left": null, "margin_top": null, "margin_right": null, "margin_bottom": null, "margin_left": null}}, {"model": "djangocms_style.style", "pk": 1884, "fields": {"template": "default", "label": "col_one_third", "tag_type": "div", "class_name": "", "additional_classes": "col_one_third", "id_name": "", "attributes": {}, "padding_top": null, "padding_right": null, "padding_bottom": null, "padding_left": null, "margin_top": null, "margin_right": null, "margin_bottom": null, "margin_left": null}}, {"model": "djangocms_style.style", "pk": 1885, "fields": {"template": "default", "label": "div", "tag_type": "div", "class_name": "", "additional_classes": "feature-box, fbox-small", "id_name": "", "attributes": {"data-animate": "fadeIn"}, "padding_top": null, "padding_right": null, "padding_bottom": null, "padding_left": null, "margin_top": null, "margin_right": null, "margin_bottom": null, "margin_left": null}}, {"model": "djangocms_style.style", "pk": 1886, "fields": {"template": "default", "label": "icon", "tag_type": "div", "class_name": "", "additional_classes": "fbox-icon", "id_name": "", "attributes": {}, "padding_top": null, "padding_right": null, "padding_bottom": null, "padding_left": null, "margin_top": null, "margin_right": null, "margin_bottom": null, "margin_left": null}}, {"model": "djangocms_style.style", "pk": 1890, "fields": {"template": "default", "label": "transition image", "tag_type": "div", "class_name": "", "additional_classes": "section, parallax, dark, nomargin, noborder", "id_name": "trans-image", "attributes": {"data-top-bottom": "background-position:0px -300px;", "data-bottom-top": "background-position:0px 300px"}, "padding_top": 150, "padding_right": 0, "padding_bottom": 150, "padding_left": 0, "margin_top": null, "margin_right": null, "margin_bottom": null, "margin_left": null}}, {"model": "djangocms_style.style", "pk": 1891, "fields": {"template": "default", "label": "div", "tag_type": "div", "class_name": "container", "additional_classes": "center, clearfix", "id_name": "", "attributes": {}, "padding_top": null, "padding_right": null, "padding_bottom": null, "padding_left": null, "margin_top": null, "margin_right": null, "margin_bottom": null, "margin_left": null}}, {"model": "djangocms_style.style", "pk": 1892, "fields": {"template": "default", "label": "space", "tag_type": "div", "class_name": "", "additional_classes": "space", "id_name": "", "attributes": {}, "padding_top": null, "padding_right": null, "padding_bottom": null, "padding_left": null, "margin_top": null, "margin_right": null, "margin_bottom": null, "margin_left": null}}, {"model": "djangocms_style.style", "pk": 1893, "fields": {"template": "default", "label": "partners", "tag_type": "div", "class_name": "container", "additional_classes": "clearfix, bottommargin-lg", "id_name": "", "attributes": {}, "padding_top": null, "padding_right": null, "padding_bottom": null, "padding_left": null, "margin_top": null, "margin_right": null, "margin_bottom": null, "margin_left": null}}, {"model": "djangocms_style.style", "pk": 1894, "fields": {"template": "default", "label": "", "tag_type": "div", "class_name": "", "additional_classes": "clear", "id_name": "", "attributes": {}, "padding_top": null, "padding_right": null, "padding_bottom": null, "padding_left": null, "margin_top": null, "margin_right": null, "margin_bottom": null, "margin_left": null}}, {"model": "djangocms_style.style", "pk": 1895, "fields": {"template": "default", "label": "line", "tag_type": "div", "class_name": "", "additional_classes": "line", "id_name": "", "attributes": {}, "padding_top": null, "padding_right": null, "padding_bottom": null, "padding_left": null, "margin_top": null, "margin_right": null, "margin_bottom": null, "margin_left": null}}, {"model": "djangocms_style.style", "pk": 1898, "fields": {"template": "default", "label": "call to action", "tag_type": "section", "class_name": "", "additional_classes": "parallax, dark, nomargin, noborder, call-to-action", "id_name": "", "attributes": {"data-top-bottom": "background-position:0px -300px;", "data-bottom-top": "background-position:0px 300px;"}, "padding_top": null, "padding_right": null, "padding_bottom": null, "padding_left": null, "margin_top": null, "margin_right": null, "margin_bottom": null, "margin_left": null}}, {"model": "djangocms_style.style", "pk": 1899, "fields": {"template": "default", "label": "div", "tag_type": "div", "class_name": "container", "additional_classes": "center, clearfix", "id_name": "", "attributes": {}, "padding_top": null, "padding_right": null, "padding_bottom": null, "padding_left": null, "margin_top": null, "margin_right": null, "margin_bottom": null, "margin_left": null}}, {"model": "djangocms_style.style", "pk": 1900, "fields": {"template": "default", "label": "div", "tag_type": "div", "class_name": "", "additional_classes": "emphasis-title", "id_name": "", "attributes": {}, "padding_top": null, "padding_right": null, "padding_bottom": null, "padding_left": null, "margin_top": null, "margin_right": null, "margin_bottom": null, "margin_left": null}}, {"model": "djangocms_style.style", "pk": 1903, "fields": {"template": "default", "label": "programs", "tag_type": "div", "class_name": "", "additional_classes": "section, programs", "id_name": "", "attributes": {}, "padding_top": null, "padding_right": null, "padding_bottom": null, "padding_left": null, "margin_top": null, "margin_right": null, "margin_bottom": null, "margin_left": null}}, {"model": "djangocms_style.style", "pk": 1904, "fields": {"template": "default", "label": "div", "tag_type": "div", "class_name": "container", "additional_classes": "", "id_name": "", "attributes": {}, "padding_top": null, "padding_right": null, "padding_bottom": null, "padding_left": null, "margin_top": null, "margin_right": null, "margin_bottom": null, "margin_left": null}}, {"model": "djangocms_style.style", "pk": 1905, "fields": {"template": "default", "label": "div", "tag_type": "div", "class_name": "", "additional_classes": "heading-block, center", "id_name": "", "attributes": {}, "padding_top": null, "padding_right": null, "padding_bottom": null, "padding_left": null, "margin_top": null, "margin_right": null, "margin_bottom": null, "margin_left": null}}, {"model": "djangocms_style.style", "pk": 1907, "fields": {"template": "default", "label": "", "tag_type": "div", "class_name": "", "additional_classes": "clear, bottommargin-sm", "id_name": "", "attributes": {}, "padding_top": null, "padding_right": null, "padding_bottom": null, "padding_left": null, "margin_top": null, "margin_right": null, "margin_bottom": null, "margin_left": null}}, {"model": "djangocms_style.style", "pk": 1908, "fields": {"template": "default", "label": "col_one_third", "tag_type": "div", "class_name": "", "additional_classes": "col_one_third", "id_name": "", "attributes": {}, "padding_top": null, "padding_right": null, "padding_bottom": null, "padding_left": null, "margin_top": null, "margin_right": null, "margin_bottom": null, "margin_left": null}}, {"model": "djangocms_style.style", "pk": 1909, "fields": {"template": "default", "label": "div", "tag_type": "div", "class_name": "", "additional_classes": "feature-box, fbox-small", "id_name": "", "attributes": {"data-animate": "fadeIn"}, "padding_top": null, "padding_right": null, "padding_bottom": null, "padding_left": null, "margin_top": null, "margin_right": null, "margin_bottom": null, "margin_left": null}}, {"model": "djangocms_style.style", "pk": 1910, "fields": {"template": "default", "label": "icon", "tag_type": "div", "class_name": "", "additional_classes": "fbox-icon", "id_name": "", "attributes": {}, "padding_top": null, "padding_right": null, "padding_bottom": null, "padding_left": null, "margin_top": null, "margin_right": null, "margin_bottom": null, "margin_left": null}}, {"model": "djangocms_style.style", "pk": 1914, "fields": {"template": "default", "label": "col_one_third", "tag_type": "div", "class_name": "", "additional_classes": "col_one_third", "id_name": "", "attributes": {}, "padding_top": null, "padding_right": null, "padding_bottom": null, "padding_left": null, "margin_top": null, "margin_right": null, "margin_bottom": null, "margin_left": null}}, {"model": "djangocms_style.style", "pk": 1915, "fields": {"template": "default", "label": "div", "tag_type": "div", "class_name": "", "additional_classes": "feature-box, fbox-small", "id_name": "", "attributes": {"data-animate": "fadeIn"}, "padding_top": null, "padding_right": null, "padding_bottom": null, "padding_left": null, "margin_top": null, "margin_right": null, "margin_bottom": null, "margin_left": null}}, {"model": "djangocms_style.style", "pk": 1916, "fields": {"template": "default", "label": "icon", "tag_type": "div", "class_name": "", "additional_classes": "fbox-icon", "id_name": "", "attributes": {}, "padding_top": null, "padding_right": null, "padding_bottom": null, "padding_left": null, "margin_top": null, "margin_right": null, "margin_bottom": null, "margin_left": null}}, {"model": "djangocms_style.style", "pk": 1920, "fields": {"template": "default", "label": "col_one_third", "tag_type": "div", "class_name": "", "additional_classes": "col_one_third, col_last", "id_name": "", "attributes": {}, "padding_top": null, "padding_right": null, "padding_bottom": null, "padding_left": null, "margin_top": null, "margin_right": null, "margin_bottom": null, "margin_left": null}}, {"model": "djangocms_style.style", "pk": 1921, "fields": {"template": "default", "label": "div", "tag_type": "div", "class_name": "", "additional_classes": "feature-box, fbox-small", "id_name": "", "attributes": {"data-animate": "fadeIn"}, "padding_top": null, "padding_right": null, "padding_bottom": null, "padding_left": null, "margin_top": null, "margin_right": null, "margin_bottom": null, "margin_left": null}}, {"model": "djangocms_style.style", "pk": 1922, "fields": {"template": "default", "label": "icon", "tag_type": "div", "class_name": "", "additional_classes": "fbox-icon", "id_name": "", "attributes": {}, "padding_top": null, "padding_right": null, "padding_bottom": null, "padding_left": null, "margin_top": null, "margin_right": null, "margin_bottom": null, "margin_left": null}}, {"model": "djangocms_style.style", "pk": 1926, "fields": {"template": "default", "label": "clear", "tag_type": "div", "class_name": "", "additional_classes": "clear", "id_name": "", "attributes": {}, "padding_top": null, "padding_right": null, "padding_bottom": null, "padding_left": null, "margin_top": null, "margin_right": null, "margin_bottom": null, "margin_left": null}}, {"model": "djangocms_style.style", "pk": 1927, "fields": {"template": "default", "label": "col_one_third", "tag_type": "div", "class_name": "", "additional_classes": "col_one_third", "id_name": "", "attributes": {}, "padding_top": null, "padding_right": null, "padding_bottom": null, "padding_left": null, "margin_top": null, "margin_right": null, "margin_bottom": null, "margin_left": null}}, {"model": "djangocms_style.style", "pk": 1928, "fields": {"template": "default", "label": "div", "tag_type": "div", "class_name": "", "additional_classes": "feature-box, fbox-small", "id_name": "", "attributes": {"data-animate": "fadeIn"}, "padding_top": null, "padding_right": null, "padding_bottom": null, "padding_left": null, "margin_top": null, "margin_right": null, "margin_bottom": null, "margin_left": null}}, {"model": "djangocms_style.style", "pk": 1929, "fields": {"template": "default", "label": "icon", "tag_type": "div", "class_name": "", "additional_classes": "fbox-icon", "id_name": "", "attributes": {}, "padding_top": null, "padding_right": null, "padding_bottom": null, "padding_left": null, "margin_top": null, "margin_right": null, "margin_bottom": null, "margin_left": null}}, {"model": "djangocms_style.style", "pk": 1933, "fields": {"template": "default", "label": "transition image", "tag_type": "div", "class_name": "", "additional_classes": "section, parallax, dark, nomargin, noborder", "id_name": "trans-image", "attributes": {"data-top-bottom": "background-position:0px -300px;", "data-bottom-top": "background-position:0px 300px"}, "padding_top": 150, "padding_right": 0, "padding_bottom": 150, "padding_left": 0, "margin_top": null, "margin_right": null, "margin_bottom": null, "margin_left": null}}, {"model": "djangocms_style.style", "pk": 1934, "fields": {"template": "default", "label": "div", "tag_type": "div", "class_name": "container", "additional_classes": "center, clearfix", "id_name": "", "attributes": {}, "padding_top": null, "padding_right": null, "padding_bottom": null, "padding_left": null, "margin_top": null, "margin_right": null, "margin_bottom": null, "margin_left": null}}, {"model": "djangocms_style.style", "pk": 1935, "fields": {"template": "default", "label": "space", "tag_type": "div", "class_name": "", "additional_classes": "space", "id_name": "", "attributes": {}, "padding_top": null, "padding_right": null, "padding_bottom": null, "padding_left": null, "margin_top": null, "margin_right": null, "margin_bottom": null, "margin_left": null}}, {"model": "djangocms_style.style", "pk": 1936, "fields": {"template": "default", "label": "partners", "tag_type": "div", "class_name": "container", "additional_classes": "clearfix, bottommargin-lg", "id_name": "", "attributes": {}, "padding_top": null, "padding_right": null, "padding_bottom": null, "padding_left": null, "margin_top": null, "margin_right": null, "margin_bottom": null, "margin_left": null}}, {"model": "djangocms_style.style", "pk": 1937, "fields": {"template": "default", "label": "", "tag_type": "div", "class_name": "", "additional_classes": "clear", "id_name": "", "attributes": {}, "padding_top": null, "padding_right": null, "padding_bottom": null, "padding_left": null, "margin_top": null, "margin_right": null, "margin_bottom": null, "margin_left": null}}, {"model": "djangocms_style.style", "pk": 1938, "fields": {"template": "default", "label": "line", "tag_type": "div", "class_name": "", "additional_classes": "line", "id_name": "", "attributes": {}, "padding_top": null, "padding_right": null, "padding_bottom": null, "padding_left": null, "margin_top": null, "margin_right": null, "margin_bottom": null, "margin_left": null}}, {"model": "djangocms_icon.icon", "pk": 232, "fields": {"icon": "fab fa-accessible-icon", "template": "default", "label": "", "attributes": {}}}, {"model": "djangocms_icon.icon", "pk": 234, "fields": {"icon": "fab fa-accessible-icon", "template": "default", "label": "", "attributes": {}}}, {"model": "djangocms_icon.icon", "pk": 354, "fields": {"icon": "far fa-building", "template": "default", "label": "", "attributes": {}}}, {"model": "djangocms_icon.icon", "pk": 356, "fields": {"icon": "far fa-building", "template": "default", "label": "", "attributes": {}}}, {"model": "djangocms_icon.icon", "pk": 523, "fields": {"icon": "far fa-building", "template": "default", "label": "", "attributes": {}}}, {"model": "djangocms_icon.icon", "pk": 556, "fields": {"icon": "far fa-envelope", "template": "default", "label": "", "attributes": {}}}, {"model": "djangocms_icon.icon", "pk": 931, "fields": {"icon": "far fa-envelope", "template": "default", "label": "", "attributes": {}}}, {"model": "djangocms_icon.icon", "pk": 1236, "fields": {"icon": "fas fa-rocket", "template": "default", "label": "", "attributes": {}}}, {"model": "djangocms_icon.icon", "pk": 1247, "fields": {"icon": "fas fa-layer-group", "template": "default", "label": "", "attributes": {}}}, {"model": "djangocms_icon.icon", "pk": 1253, "fields": {"icon": "fas fa-share-alt", "template": "default", "label": "", "attributes": {}}}, {"model": "djangocms_icon.icon", "pk": 1325, "fields": {"icon": "fas fa-rocket", "template": "default", "label": "", "attributes": {}}}, {"model": "djangocms_icon.icon", "pk": 1368, "fields": {"icon": "far fa-chart-bar", "template": "default", "label": "", "attributes": {}}}, {"model": "djangocms_icon.icon", "pk": 1625, "fields": {"icon": "fab fa-accessible-icon", "template": "default", "label": "", "attributes": {}}}, {"model": "djangocms_icon.icon", "pk": 1627, "fields": {"icon": "fab fa-accessible-icon", "template": "default", "label": "", "attributes": {}}}, {"model": "djangocms_icon.icon", "pk": 1629, "fields": {"icon": "far fa-building", "template": "default", "label": "", "attributes": {}}}, {"model": "djangocms_icon.icon", "pk": 1631, "fields": {"icon": "far fa-building", "template": "default", "label": "", "attributes": {}}}, {"model": "djangocms_icon.icon", "pk": 1633, "fields": {"icon": "far fa-building", "template": "default", "label": "", "attributes": {}}}, {"model": "djangocms_icon.icon", "pk": 1634, "fields": {"icon": "far fa-envelope", "template": "default", "label": "", "attributes": {}}}, {"model": "djangocms_icon.icon", "pk": 1650, "fields": {"icon": "far fa-envelope", "template": "default", "label": "", "attributes": {}}}, {"model": "djangocms_icon.icon", "pk": 1869, "fields": {"icon": "fas fa-rocket", "template": "default", "label": "", "attributes": {}}}, {"model": "djangocms_icon.icon", "pk": 1875, "fields": {"icon": "fas fa-layer-group", "template": "default", "label": "", "attributes": {}}}, {"model": "djangocms_icon.icon", "pk": 1881, "fields": {"icon": "fas fa-share-alt", "template": "default", "label": "", "attributes": {}}}, {"model": "djangocms_icon.icon", "pk": 1888, "fields": {"icon": "far fa-chart-bar", "template": "default", "label": "", "attributes": {}}}, {"model": "djangocms_icon.icon", "pk": 1912, "fields": {"icon": "fas fa-rocket", "template": "default", "label": "", "attributes": {}}}, {"model": "djangocms_icon.icon", "pk": 1918, "fields": {"icon": "fas fa-layer-group", "template": "default", "label": "", "attributes": {}}}, {"model": "djangocms_icon.icon", "pk": 1924, "fields": {"icon": "fas fa-share-alt", "template": "default", "label": "", "attributes": {}}}, {"model": "djangocms_icon.icon", "pk": 1931, "fields": {"icon": "far fa-chart-bar", "template": "default", "label": "", "attributes": {}}}, {"model": "auth.permission", "pk": 1, "fields": {"name": "Can use Structure mode", "content_type": 1, "codename": "use_structure"}}, {"model": "auth.permission", "pk": 2, "fields": {"name": "Can change page", "content_type": 2, "codename": "change_page"}}, {"model": "auth.permission", "pk": 3, "fields": {"name": "Can add permission", "content_type": 3, "codename": "add_permission"}}, {"model": "auth.permission", "pk": 4, "fields": {"name": "Can change permission", "content_type": 3, "codename": "change_permission"}}, {"model": "auth.permission", "pk": 5, "fields": {"name": "Can delete permission", "content_type": 3, "codename": "delete_permission"}}, {"model": "auth.permission", "pk": 6, "fields": {"name": "Can add group", "content_type": 4, "codename": "add_group"}}, {"model": "auth.permission", "pk": 7, "fields": {"name": "Can change group", "content_type": 4, "codename": "change_group"}}, {"model": "auth.permission", "pk": 8, "fields": {"name": "Can delete group", "content_type": 4, "codename": "delete_group"}}, {"model": "auth.permission", "pk": 9, "fields": {"name": "Can add user", "content_type": 5, "codename": "add_user"}}, {"model": "auth.permission", "pk": 10, "fields": {"name": "Can change user", "content_type": 5, "codename": "change_user"}}, {"model": "auth.permission", "pk": 11, "fields": {"name": "Can delete user", "content_type": 5, "codename": "delete_user"}}, {"model": "auth.permission", "pk": 12, "fields": {"name": "Can add content type", "content_type": 6, "codename": "add_contenttype"}}, {"model": "auth.permission", "pk": 13, "fields": {"name": "Can change content type", "content_type": 6, "codename": "change_contenttype"}}, {"model": "auth.permission", "pk": 14, "fields": {"name": "Can delete content type", "content_type": 6, "codename": "delete_contenttype"}}, {"model": "auth.permission", "pk": 15, "fields": {"name": "Can add session", "content_type": 7, "codename": "add_session"}}, {"model": "auth.permission", "pk": 16, "fields": {"name": "Can change session", "content_type": 7, "codename": "change_session"}}, {"model": "auth.permission", "pk": 17, "fields": {"name": "Can delete session", "content_type": 7, "codename": "delete_session"}}, {"model": "auth.permission", "pk": 18, "fields": {"name": "Can add log entry", "content_type": 8, "codename": "add_logentry"}}, {"model": "auth.permission", "pk": 19, "fields": {"name": "Can change log entry", "content_type": 8, "codename": "change_logentry"}}, {"model": "auth.permission", "pk": 20, "fields": {"name": "Can delete log entry", "content_type": 8, "codename": "delete_logentry"}}, {"model": "auth.permission", "pk": 21, "fields": {"name": "Can add site", "content_type": 9, "codename": "add_site"}}, {"model": "auth.permission", "pk": 22, "fields": {"name": "Can change site", "content_type": 9, "codename": "change_site"}}, {"model": "auth.permission", "pk": 23, "fields": {"name": "Can delete site", "content_type": 9, "codename": "delete_site"}}, {"model": "auth.permission", "pk": 24, "fields": {"name": "Can add title", "content_type": 10, "codename": "add_title"}}, {"model": "auth.permission", "pk": 25, "fields": {"name": "Can change title", "content_type": 10, "codename": "change_title"}}, {"model": "auth.permission", "pk": 26, "fields": {"name": "Can delete title", "content_type": 10, "codename": "delete_title"}}, {"model": "auth.permission", "pk": 27, "fields": {"name": "Can add cms plugin", "content_type": 12, "codename": "add_cmsplugin"}}, {"model": "auth.permission", "pk": 28, "fields": {"name": "Can change cms plugin", "content_type": 12, "codename": "change_cmsplugin"}}, {"model": "auth.permission", "pk": 29, "fields": {"name": "Can delete cms plugin", "content_type": 12, "codename": "delete_cmsplugin"}}, {"model": "auth.permission", "pk": 30, "fields": {"name": "Can add page", "content_type": 2, "codename": "add_page"}}, {"model": "auth.permission", "pk": 31, "fields": {"name": "Can delete page", "content_type": 2, "codename": "delete_page"}}, {"model": "auth.permission", "pk": 32, "fields": {"name": "Can view page", "content_type": 2, "codename": "view_page"}}, {"model": "auth.permission", "pk": 33, "fields": {"name": "Can publish page", "content_type": 2, "codename": "publish_page"}}, {"model": "auth.permission", "pk": 34, "fields": {"name": "Can edit static placeholders", "content_type": 2, "codename": "edit_static_placeholder"}}, {"model": "auth.permission", "pk": 35, "fields": {"name": "Can add placeholder reference", "content_type": 13, "codename": "add_placeholderreference"}}, {"model": "auth.permission", "pk": 36, "fields": {"name": "Can change placeholder reference", "content_type": 13, "codename": "change_placeholderreference"}}, {"model": "auth.permission", "pk": 37, "fields": {"name": "Can delete placeholder reference", "content_type": 13, "codename": "delete_placeholderreference"}}, {"model": "auth.permission", "pk": 38, "fields": {"name": "Can add static placeholder", "content_type": 14, "codename": "add_staticplaceholder"}}, {"model": "auth.permission", "pk": 39, "fields": {"name": "Can change static placeholder", "content_type": 14, "codename": "change_staticplaceholder"}}, {"model": "auth.permission", "pk": 40, "fields": {"name": "Can delete static placeholder", "content_type": 14, "codename": "delete_staticplaceholder"}}, {"model": "auth.permission", "pk": 41, "fields": {"name": "Can add user setting", "content_type": 15, "codename": "add_usersettings"}}, {"model": "auth.permission", "pk": 42, "fields": {"name": "Can change user setting", "content_type": 15, "codename": "change_usersettings"}}, {"model": "auth.permission", "pk": 43, "fields": {"name": "Can delete user setting", "content_type": 15, "codename": "delete_usersettings"}}, {"model": "auth.permission", "pk": 44, "fields": {"name": "Can add alias plugin model", "content_type": 16, "codename": "add_aliaspluginmodel"}}, {"model": "auth.permission", "pk": 45, "fields": {"name": "Can change alias plugin model", "content_type": 16, "codename": "change_aliaspluginmodel"}}, {"model": "auth.permission", "pk": 46, "fields": {"name": "Can delete alias plugin model", "content_type": 16, "codename": "delete_aliaspluginmodel"}}, {"model": "auth.permission", "pk": 47, "fields": {"name": "Can add User group (page)", "content_type": 17, "codename": "add_pageusergroup"}}, {"model": "auth.permission", "pk": 48, "fields": {"name": "Can change User group (page)", "content_type": 17, "codename": "change_pageusergroup"}}, {"model": "auth.permission", "pk": 49, "fields": {"name": "Can delete User group (page)", "content_type": 17, "codename": "delete_pageusergroup"}}, {"model": "auth.permission", "pk": 50, "fields": {"name": "Can add Page global permission", "content_type": 18, "codename": "add_globalpagepermission"}}, {"model": "auth.permission", "pk": 51, "fields": {"name": "Can change Page global permission", "content_type": 18, "codename": "change_globalpagepermission"}}, {"model": "auth.permission", "pk": 52, "fields": {"name": "Can delete Page global permission", "content_type": 18, "codename": "delete_globalpagepermission"}}, {"model": "auth.permission", "pk": 53, "fields": {"name": "Can add urlconf revision", "content_type": 19, "codename": "add_urlconfrevision"}}, {"model": "auth.permission", "pk": 54, "fields": {"name": "Can change urlconf revision", "content_type": 19, "codename": "change_urlconfrevision"}}, {"model": "auth.permission", "pk": 55, "fields": {"name": "Can delete urlconf revision", "content_type": 19, "codename": "delete_urlconfrevision"}}, {"model": "auth.permission", "pk": 56, "fields": {"name": "Can add Page permission", "content_type": 20, "codename": "add_pagepermission"}}, {"model": "auth.permission", "pk": 57, "fields": {"name": "Can change Page permission", "content_type": 20, "codename": "change_pagepermission"}}, {"model": "auth.permission", "pk": 58, "fields": {"name": "Can delete Page permission", "content_type": 20, "codename": "delete_pagepermission"}}, {"model": "auth.permission", "pk": 59, "fields": {"name": "Can add placeholder", "content_type": 1, "codename": "add_placeholder"}}, {"model": "auth.permission", "pk": 60, "fields": {"name": "Can change placeholder", "content_type": 1, "codename": "change_placeholder"}}, {"model": "auth.permission", "pk": 61, "fields": {"name": "Can delete placeholder", "content_type": 1, "codename": "delete_placeholder"}}, {"model": "auth.permission", "pk": 62, "fields": {"name": "Can add User (page)", "content_type": 21, "codename": "add_pageuser"}}, {"model": "auth.permission", "pk": 63, "fields": {"name": "Can change User (page)", "content_type": 21, "codename": "change_pageuser"}}, {"model": "auth.permission", "pk": 64, "fields": {"name": "Can delete User (page)", "content_type": 21, "codename": "delete_pageuser"}}, {"model": "auth.permission", "pk": 65, "fields": {"name": "Can add cache key", "content_type": 23, "codename": "add_cachekey"}}, {"model": "auth.permission", "pk": 66, "fields": {"name": "Can change cache key", "content_type": 23, "codename": "change_cachekey"}}, {"model": "auth.permission", "pk": 67, "fields": {"name": "Can delete cache key", "content_type": 23, "codename": "delete_cachekey"}}, {"model": "auth.permission", "pk": 68, "fields": {"name": "Can add text", "content_type": 24, "codename": "add_text"}}, {"model": "auth.permission", "pk": 69, "fields": {"name": "Can change text", "content_type": 24, "codename": "change_text"}}, {"model": "auth.permission", "pk": 70, "fields": {"name": "Can delete text", "content_type": 24, "codename": "delete_text"}}, {"model": "auth.permission", "pk": 71, "fields": {"name": "Can add clipboard", "content_type": 25, "codename": "add_clipboard"}}, {"model": "auth.permission", "pk": 72, "fields": {"name": "Can change clipboard", "content_type": 25, "codename": "change_clipboard"}}, {"model": "auth.permission", "pk": 73, "fields": {"name": "Can delete clipboard", "content_type": 25, "codename": "delete_clipboard"}}, {"model": "auth.permission", "pk": 74, "fields": {"name": "Can add folder permission", "content_type": 26, "codename": "add_folderpermission"}}, {"model": "auth.permission", "pk": 75, "fields": {"name": "Can change folder permission", "content_type": 26, "codename": "change_folderpermission"}}, {"model": "auth.permission", "pk": 76, "fields": {"name": "Can delete folder permission", "content_type": 26, "codename": "delete_folderpermission"}}, {"model": "auth.permission", "pk": 77, "fields": {"name": "Can add Folder", "content_type": 27, "codename": "add_folder"}}, {"model": "auth.permission", "pk": 78, "fields": {"name": "Can change Folder", "content_type": 27, "codename": "change_folder"}}, {"model": "auth.permission", "pk": 79, "fields": {"name": "Can delete Folder", "content_type": 27, "codename": "delete_folder"}}, {"model": "auth.permission", "pk": 80, "fields": {"name": "Can use directory listing", "content_type": 27, "codename": "can_use_directory_listing"}}, {"model": "auth.permission", "pk": 81, "fields": {"name": "Can add clipboard item", "content_type": 28, "codename": "add_clipboarditem"}}, {"model": "auth.permission", "pk": 82, "fields": {"name": "Can change clipboard item", "content_type": 28, "codename": "change_clipboarditem"}}, {"model": "auth.permission", "pk": 83, "fields": {"name": "Can delete clipboard item", "content_type": 28, "codename": "delete_clipboarditem"}}, {"model": "auth.permission", "pk": 84, "fields": {"name": "Can add file", "content_type": 29, "codename": "add_file"}}, {"model": "auth.permission", "pk": 85, "fields": {"name": "Can change file", "content_type": 29, "codename": "change_file"}}, {"model": "auth.permission", "pk": 86, "fields": {"name": "Can delete file", "content_type": 29, "codename": "delete_file"}}, {"model": "auth.permission", "pk": 87, "fields": {"name": "Can add thumbnail option", "content_type": 30, "codename": "add_thumbnailoption"}}, {"model": "auth.permission", "pk": 88, "fields": {"name": "Can change thumbnail option", "content_type": 30, "codename": "change_thumbnailoption"}}, {"model": "auth.permission", "pk": 89, "fields": {"name": "Can delete thumbnail option", "content_type": 30, "codename": "delete_thumbnailoption"}}, {"model": "auth.permission", "pk": 90, "fields": {"name": "Can add image", "content_type": 31, "codename": "add_image"}}, {"model": "auth.permission", "pk": 91, "fields": {"name": "Can change image", "content_type": 31, "codename": "change_image"}}, {"model": "auth.permission", "pk": 92, "fields": {"name": "Can delete image", "content_type": 31, "codename": "delete_image"}}, {"model": "auth.permission", "pk": 93, "fields": {"name": "Can add thumbnail dimensions", "content_type": 32, "codename": "add_thumbnaildimensions"}}, {"model": "auth.permission", "pk": 94, "fields": {"name": "Can change thumbnail dimensions", "content_type": 32, "codename": "change_thumbnaildimensions"}}, {"model": "auth.permission", "pk": 95, "fields": {"name": "Can delete thumbnail dimensions", "content_type": 32, "codename": "delete_thumbnaildimensions"}}, {"model": "auth.permission", "pk": 96, "fields": {"name": "Can add thumbnail", "content_type": 33, "codename": "add_thumbnail"}}, {"model": "auth.permission", "pk": 97, "fields": {"name": "Can change thumbnail", "content_type": 33, "codename": "change_thumbnail"}}, {"model": "auth.permission", "pk": 98, "fields": {"name": "Can delete thumbnail", "content_type": 33, "codename": "delete_thumbnail"}}, {"model": "auth.permission", "pk": 99, "fields": {"name": "Can add source", "content_type": 34, "codename": "add_source"}}, {"model": "auth.permission", "pk": 100, "fields": {"name": "Can change source", "content_type": 34, "codename": "change_source"}}, {"model": "auth.permission", "pk": 101, "fields": {"name": "Can delete source", "content_type": 34, "codename": "delete_source"}}, {"model": "auth.permission", "pk": 102, "fields": {"name": "Can add multi columns", "content_type": 35, "codename": "add_multicolumns"}}, {"model": "auth.permission", "pk": 103, "fields": {"name": "Can change multi columns", "content_type": 35, "codename": "change_multicolumns"}}, {"model": "auth.permission", "pk": 104, "fields": {"name": "Can delete multi columns", "content_type": 35, "codename": "delete_multicolumns"}}, {"model": "auth.permission", "pk": 105, "fields": {"name": "Can add column", "content_type": 36, "codename": "add_column"}}, {"model": "auth.permission", "pk": 106, "fields": {"name": "Can change column", "content_type": 36, "codename": "change_column"}}, {"model": "auth.permission", "pk": 107, "fields": {"name": "Can delete column", "content_type": 36, "codename": "delete_column"}}, {"model": "auth.permission", "pk": 108, "fields": {"name": "Can add folder", "content_type": 37, "codename": "add_folder"}}, {"model": "auth.permission", "pk": 109, "fields": {"name": "Can change folder", "content_type": 37, "codename": "change_folder"}}, {"model": "auth.permission", "pk": 110, "fields": {"name": "Can delete folder", "content_type": 37, "codename": "delete_folder"}}, {"model": "auth.permission", "pk": 111, "fields": {"name": "Can add file", "content_type": 38, "codename": "add_file"}}, {"model": "auth.permission", "pk": 112, "fields": {"name": "Can change file", "content_type": 38, "codename": "change_file"}}, {"model": "auth.permission", "pk": 113, "fields": {"name": "Can delete file", "content_type": 38, "codename": "delete_file"}}, {"model": "auth.permission", "pk": 114, "fields": {"name": "Can add link", "content_type": 39, "codename": "add_link"}}, {"model": "auth.permission", "pk": 115, "fields": {"name": "Can change link", "content_type": 39, "codename": "change_link"}}, {"model": "auth.permission", "pk": 116, "fields": {"name": "Can delete link", "content_type": 39, "codename": "delete_link"}}, {"model": "auth.permission", "pk": 117, "fields": {"name": "Can add picture", "content_type": 40, "codename": "add_picture"}}, {"model": "auth.permission", "pk": 118, "fields": {"name": "Can change picture", "content_type": 40, "codename": "change_picture"}}, {"model": "auth.permission", "pk": 119, "fields": {"name": "Can delete picture", "content_type": 40, "codename": "delete_picture"}}, {"model": "auth.permission", "pk": 120, "fields": {"name": "Can add style", "content_type": 41, "codename": "add_style"}}, {"model": "auth.permission", "pk": 121, "fields": {"name": "Can change style", "content_type": 41, "codename": "change_style"}}, {"model": "auth.permission", "pk": 122, "fields": {"name": "Can delete style", "content_type": 41, "codename": "delete_style"}}, {"model": "auth.permission", "pk": 123, "fields": {"name": "Can add Snippet", "content_type": 42, "codename": "add_snippet"}}, {"model": "auth.permission", "pk": 124, "fields": {"name": "Can change Snippet", "content_type": 42, "codename": "change_snippet"}}, {"model": "auth.permission", "pk": 125, "fields": {"name": "Can delete Snippet", "content_type": 42, "codename": "delete_snippet"}}, {"model": "auth.permission", "pk": 126, "fields": {"name": "Can add Snippet", "content_type": 43, "codename": "add_snippetptr"}}, {"model": "auth.permission", "pk": 127, "fields": {"name": "Can change Snippet", "content_type": 43, "codename": "change_snippetptr"}}, {"model": "auth.permission", "pk": 128, "fields": {"name": "Can delete Snippet", "content_type": 43, "codename": "delete_snippetptr"}}, {"model": "auth.permission", "pk": 129, "fields": {"name": "Can add google map", "content_type": 44, "codename": "add_googlemap"}}, {"model": "auth.permission", "pk": 130, "fields": {"name": "Can change google map", "content_type": 44, "codename": "change_googlemap"}}, {"model": "auth.permission", "pk": 131, "fields": {"name": "Can delete google map", "content_type": 44, "codename": "delete_googlemap"}}, {"model": "auth.permission", "pk": 132, "fields": {"name": "Can add google map marker", "content_type": 45, "codename": "add_googlemapmarker"}}, {"model": "auth.permission", "pk": 133, "fields": {"name": "Can change google map marker", "content_type": 45, "codename": "change_googlemapmarker"}}, {"model": "auth.permission", "pk": 134, "fields": {"name": "Can delete google map marker", "content_type": 45, "codename": "delete_googlemapmarker"}}, {"model": "auth.permission", "pk": 135, "fields": {"name": "Can add google map route", "content_type": 46, "codename": "add_googlemaproute"}}, {"model": "auth.permission", "pk": 136, "fields": {"name": "Can change google map route", "content_type": 46, "codename": "change_googlemaproute"}}, {"model": "auth.permission", "pk": 137, "fields": {"name": "Can delete google map route", "content_type": 46, "codename": "delete_googlemaproute"}}, {"model": "auth.permission", "pk": 138, "fields": {"name": "Can add video player", "content_type": 47, "codename": "add_videoplayer"}}, {"model": "auth.permission", "pk": 139, "fields": {"name": "Can change video player", "content_type": 47, "codename": "change_videoplayer"}}, {"model": "auth.permission", "pk": 140, "fields": {"name": "Can delete video player", "content_type": 47, "codename": "delete_videoplayer"}}, {"model": "auth.permission", "pk": 141, "fields": {"name": "Can add video source", "content_type": 48, "codename": "add_videosource"}}, {"model": "auth.permission", "pk": 142, "fields": {"name": "Can change video source", "content_type": 48, "codename": "change_videosource"}}, {"model": "auth.permission", "pk": 143, "fields": {"name": "Can delete video source", "content_type": 48, "codename": "delete_videosource"}}, {"model": "auth.permission", "pk": 144, "fields": {"name": "Can add video track", "content_type": 49, "codename": "add_videotrack"}}, {"model": "auth.permission", "pk": 145, "fields": {"name": "Can change video track", "content_type": 49, "codename": "change_videotrack"}}, {"model": "auth.permission", "pk": 146, "fields": {"name": "Can delete video track", "content_type": 49, "codename": "delete_videotrack"}}, {"model": "auth.permission", "pk": 147, "fields": {"name": "Can add form", "content_type": 50, "codename": "add_form"}}, {"model": "auth.permission", "pk": 148, "fields": {"name": "Can change form", "content_type": 50, "codename": "change_form"}}, {"model": "auth.permission", "pk": 149, "fields": {"name": "Can delete form", "content_type": 50, "codename": "delete_form"}}, {"model": "auth.permission", "pk": 150, "fields": {"name": "Can add form submission", "content_type": 51, "codename": "add_formsubmission"}}, {"model": "auth.permission", "pk": 151, "fields": {"name": "Can change form submission", "content_type": 51, "codename": "change_formsubmission"}}, {"model": "auth.permission", "pk": 152, "fields": {"name": "Can delete form submission", "content_type": 51, "codename": "delete_formsubmission"}}, {"model": "auth.permission", "pk": 153, "fields": {"name": "Can export Form Submission", "content_type": 51, "codename": "export_formsubmission"}}, {"model": "auth.permission", "pk": 154, "fields": {"name": "Can add field", "content_type": 52, "codename": "add_formfield"}}, {"model": "auth.permission", "pk": 155, "fields": {"name": "Can change field", "content_type": 52, "codename": "change_formfield"}}, {"model": "auth.permission", "pk": 156, "fields": {"name": "Can delete field", "content_type": 52, "codename": "delete_formfield"}}, {"model": "auth.permission", "pk": 157, "fields": {"name": "Can add form", "content_type": 53, "codename": "add_formdefinition"}}, {"model": "auth.permission", "pk": 158, "fields": {"name": "Can change form", "content_type": 53, "codename": "change_formdefinition"}}, {"model": "auth.permission", "pk": 159, "fields": {"name": "Can delete form", "content_type": 53, "codename": "delete_formdefinition"}}, {"model": "auth.permission", "pk": 160, "fields": {"name": "Can add choice", "content_type": 54, "codename": "add_choice"}}, {"model": "auth.permission", "pk": 161, "fields": {"name": "Can change choice", "content_type": 54, "codename": "change_choice"}}, {"model": "auth.permission", "pk": 162, "fields": {"name": "Can delete choice", "content_type": 54, "codename": "delete_choice"}}, {"model": "auth.permission", "pk": 163, "fields": {"name": "Can add poll", "content_type": 55, "codename": "add_poll"}}, {"model": "auth.permission", "pk": 164, "fields": {"name": "Can change poll", "content_type": 55, "codename": "change_poll"}}, {"model": "auth.permission", "pk": 165, "fields": {"name": "Can delete poll", "content_type": 55, "codename": "delete_poll"}}, {"model": "auth.permission", "pk": 166, "fields": {"name": "Can add icon", "content_type": 56, "codename": "add_icon"}}, {"model": "auth.permission", "pk": 167, "fields": {"name": "Can change icon", "content_type": 56, "codename": "change_icon"}}, {"model": "auth.permission", "pk": 168, "fields": {"name": "Can delete icon", "content_type": 56, "codename": "delete_icon"}}, {"model": "auth.permission", "pk": 169, "fields": {"name": "Can add bootstrap4 alerts", "content_type": 57, "codename": "add_bootstrap4alerts"}}, {"model": "auth.permission", "pk": 170, "fields": {"name": "Can change bootstrap4 alerts", "content_type": 57, "codename": "change_bootstrap4alerts"}}, {"model": "auth.permission", "pk": 171, "fields": {"name": "Can delete bootstrap4 alerts", "content_type": 57, "codename": "delete_bootstrap4alerts"}}, {"model": "auth.permission", "pk": 172, "fields": {"name": "Can add bootstrap4 badge", "content_type": 58, "codename": "add_bootstrap4badge"}}, {"model": "auth.permission", "pk": 173, "fields": {"name": "Can change bootstrap4 badge", "content_type": 58, "codename": "change_bootstrap4badge"}}, {"model": "auth.permission", "pk": 174, "fields": {"name": "Can delete bootstrap4 badge", "content_type": 58, "codename": "delete_bootstrap4badge"}}, {"model": "auth.permission", "pk": 175, "fields": {"name": "Can add bootstrap4 card", "content_type": 59, "codename": "add_bootstrap4card"}}, {"model": "auth.permission", "pk": 176, "fields": {"name": "Can change bootstrap4 card", "content_type": 59, "codename": "change_bootstrap4card"}}, {"model": "auth.permission", "pk": 177, "fields": {"name": "Can delete bootstrap4 card", "content_type": 59, "codename": "delete_bootstrap4card"}}, {"model": "auth.permission", "pk": 178, "fields": {"name": "Can add bootstrap4 card inner", "content_type": 60, "codename": "add_bootstrap4cardinner"}}, {"model": "auth.permission", "pk": 179, "fields": {"name": "Can change bootstrap4 card inner", "content_type": 60, "codename": "change_bootstrap4cardinner"}}, {"model": "auth.permission", "pk": 180, "fields": {"name": "Can delete bootstrap4 card inner", "content_type": 60, "codename": "delete_bootstrap4cardinner"}}, {"model": "auth.permission", "pk": 181, "fields": {"name": "Can add bootstrap4 carousel", "content_type": 61, "codename": "add_bootstrap4carousel"}}, {"model": "auth.permission", "pk": 182, "fields": {"name": "Can change bootstrap4 carousel", "content_type": 61, "codename": "change_bootstrap4carousel"}}, {"model": "auth.permission", "pk": 183, "fields": {"name": "Can delete bootstrap4 carousel", "content_type": 61, "codename": "delete_bootstrap4carousel"}}, {"model": "auth.permission", "pk": 184, "fields": {"name": "Can add bootstrap4 carousel slide", "content_type": 62, "codename": "add_bootstrap4carouselslide"}}, {"model": "auth.permission", "pk": 185, "fields": {"name": "Can change bootstrap4 carousel slide", "content_type": 62, "codename": "change_bootstrap4carouselslide"}}, {"model": "auth.permission", "pk": 186, "fields": {"name": "Can delete bootstrap4 carousel slide", "content_type": 62, "codename": "delete_bootstrap4carouselslide"}}, {"model": "auth.permission", "pk": 187, "fields": {"name": "Can add bootstrap4 collapse container", "content_type": 63, "codename": "add_bootstrap4collapsecontainer"}}, {"model": "auth.permission", "pk": 188, "fields": {"name": "Can change bootstrap4 collapse container", "content_type": 63, "codename": "change_bootstrap4collapsecontainer"}}, {"model": "auth.permission", "pk": 189, "fields": {"name": "Can delete bootstrap4 collapse container", "content_type": 63, "codename": "delete_bootstrap4collapsecontainer"}}, {"model": "auth.permission", "pk": 190, "fields": {"name": "Can add bootstrap4 collapse trigger", "content_type": 64, "codename": "add_bootstrap4collapsetrigger"}}, {"model": "auth.permission", "pk": 191, "fields": {"name": "Can change bootstrap4 collapse trigger", "content_type": 64, "codename": "change_bootstrap4collapsetrigger"}}, {"model": "auth.permission", "pk": 192, "fields": {"name": "Can delete bootstrap4 collapse trigger", "content_type": 64, "codename": "delete_bootstrap4collapsetrigger"}}, {"model": "auth.permission", "pk": 193, "fields": {"name": "Can add bootstrap4 collapse", "content_type": 65, "codename": "add_bootstrap4collapse"}}, {"model": "auth.permission", "pk": 194, "fields": {"name": "Can change bootstrap4 collapse", "content_type": 65, "codename": "change_bootstrap4collapse"}}, {"model": "auth.permission", "pk": 195, "fields": {"name": "Can delete bootstrap4 collapse", "content_type": 65, "codename": "delete_bootstrap4collapse"}}, {"model": "auth.permission", "pk": 196, "fields": {"name": "Can add bootstrap4 code", "content_type": 66, "codename": "add_bootstrap4code"}}, {"model": "auth.permission", "pk": 197, "fields": {"name": "Can change bootstrap4 code", "content_type": 66, "codename": "change_bootstrap4code"}}, {"model": "auth.permission", "pk": 198, "fields": {"name": "Can delete bootstrap4 code", "content_type": 66, "codename": "delete_bootstrap4code"}}, {"model": "auth.permission", "pk": 199, "fields": {"name": "Can add bootstrap4 figure", "content_type": 67, "codename": "add_bootstrap4figure"}}, {"model": "auth.permission", "pk": 200, "fields": {"name": "Can change bootstrap4 figure", "content_type": 67, "codename": "change_bootstrap4figure"}}, {"model": "auth.permission", "pk": 201, "fields": {"name": "Can delete bootstrap4 figure", "content_type": 67, "codename": "delete_bootstrap4figure"}}, {"model": "auth.permission", "pk": 202, "fields": {"name": "Can add bootstrap4 blockquote", "content_type": 68, "codename": "add_bootstrap4blockquote"}}, {"model": "auth.permission", "pk": 203, "fields": {"name": "Can change bootstrap4 blockquote", "content_type": 68, "codename": "change_bootstrap4blockquote"}}, {"model": "auth.permission", "pk": 204, "fields": {"name": "Can delete bootstrap4 blockquote", "content_type": 68, "codename": "delete_bootstrap4blockquote"}}, {"model": "auth.permission", "pk": 205, "fields": {"name": "Can add bootstrap4 grid row", "content_type": 69, "codename": "add_bootstrap4gridrow"}}, {"model": "auth.permission", "pk": 206, "fields": {"name": "Can change bootstrap4 grid row", "content_type": 69, "codename": "change_bootstrap4gridrow"}}, {"model": "auth.permission", "pk": 207, "fields": {"name": "Can delete bootstrap4 grid row", "content_type": 69, "codename": "delete_bootstrap4gridrow"}}, {"model": "auth.permission", "pk": 208, "fields": {"name": "Can add bootstrap4 grid column", "content_type": 70, "codename": "add_bootstrap4gridcolumn"}}, {"model": "auth.permission", "pk": 209, "fields": {"name": "Can change bootstrap4 grid column", "content_type": 70, "codename": "change_bootstrap4gridcolumn"}}, {"model": "auth.permission", "pk": 210, "fields": {"name": "Can delete bootstrap4 grid column", "content_type": 70, "codename": "delete_bootstrap4gridcolumn"}}, {"model": "auth.permission", "pk": 211, "fields": {"name": "Can add bootstrap4 grid container", "content_type": 71, "codename": "add_bootstrap4gridcontainer"}}, {"model": "auth.permission", "pk": 212, "fields": {"name": "Can change bootstrap4 grid container", "content_type": 71, "codename": "change_bootstrap4gridcontainer"}}, {"model": "auth.permission", "pk": 213, "fields": {"name": "Can delete bootstrap4 grid container", "content_type": 71, "codename": "delete_bootstrap4gridcontainer"}}, {"model": "auth.permission", "pk": 214, "fields": {"name": "Can add bootstrap4 jumbotron", "content_type": 72, "codename": "add_bootstrap4jumbotron"}}, {"model": "auth.permission", "pk": 215, "fields": {"name": "Can change bootstrap4 jumbotron", "content_type": 72, "codename": "change_bootstrap4jumbotron"}}, {"model": "auth.permission", "pk": 216, "fields": {"name": "Can delete bootstrap4 jumbotron", "content_type": 72, "codename": "delete_bootstrap4jumbotron"}}, {"model": "auth.permission", "pk": 217, "fields": {"name": "Can add bootstrap4 link", "content_type": 73, "codename": "add_bootstrap4link"}}, {"model": "auth.permission", "pk": 218, "fields": {"name": "Can change bootstrap4 link", "content_type": 73, "codename": "change_bootstrap4link"}}, {"model": "auth.permission", "pk": 219, "fields": {"name": "Can delete bootstrap4 link", "content_type": 73, "codename": "delete_bootstrap4link"}}, {"model": "auth.permission", "pk": 220, "fields": {"name": "Can add bootstrap4 list group", "content_type": 74, "codename": "add_bootstrap4listgroup"}}, {"model": "auth.permission", "pk": 221, "fields": {"name": "Can change bootstrap4 list group", "content_type": 74, "codename": "change_bootstrap4listgroup"}}, {"model": "auth.permission", "pk": 222, "fields": {"name": "Can delete bootstrap4 list group", "content_type": 74, "codename": "delete_bootstrap4listgroup"}}, {"model": "auth.permission", "pk": 223, "fields": {"name": "Can add bootstrap4 list group item", "content_type": 75, "codename": "add_bootstrap4listgroupitem"}}, {"model": "auth.permission", "pk": 224, "fields": {"name": "Can change bootstrap4 list group item", "content_type": 75, "codename": "change_bootstrap4listgroupitem"}}, {"model": "auth.permission", "pk": 225, "fields": {"name": "Can delete bootstrap4 list group item", "content_type": 75, "codename": "delete_bootstrap4listgroupitem"}}, {"model": "auth.permission", "pk": 226, "fields": {"name": "Can add bootstrap4 media", "content_type": 76, "codename": "add_bootstrap4media"}}, {"model": "auth.permission", "pk": 227, "fields": {"name": "Can change bootstrap4 media", "content_type": 76, "codename": "change_bootstrap4media"}}, {"model": "auth.permission", "pk": 228, "fields": {"name": "Can delete bootstrap4 media", "content_type": 76, "codename": "delete_bootstrap4media"}}, {"model": "auth.permission", "pk": 229, "fields": {"name": "Can add bootstrap4 media body", "content_type": 77, "codename": "add_bootstrap4mediabody"}}, {"model": "auth.permission", "pk": 230, "fields": {"name": "Can change bootstrap4 media body", "content_type": 77, "codename": "change_bootstrap4mediabody"}}, {"model": "auth.permission", "pk": 231, "fields": {"name": "Can delete bootstrap4 media body", "content_type": 77, "codename": "delete_bootstrap4mediabody"}}, {"model": "auth.permission", "pk": 232, "fields": {"name": "Can add bootstrap4 picture", "content_type": 78, "codename": "add_bootstrap4picture"}}, {"model": "auth.permission", "pk": 233, "fields": {"name": "Can change bootstrap4 picture", "content_type": 78, "codename": "change_bootstrap4picture"}}, {"model": "auth.permission", "pk": 234, "fields": {"name": "Can delete bootstrap4 picture", "content_type": 78, "codename": "delete_bootstrap4picture"}}, {"model": "auth.permission", "pk": 235, "fields": {"name": "Can add bootstrap4 tab item", "content_type": 79, "codename": "add_bootstrap4tabitem"}}, {"model": "auth.permission", "pk": 236, "fields": {"name": "Can change bootstrap4 tab item", "content_type": 79, "codename": "change_bootstrap4tabitem"}}, {"model": "auth.permission", "pk": 237, "fields": {"name": "Can delete bootstrap4 tab item", "content_type": 79, "codename": "delete_bootstrap4tabitem"}}, {"model": "auth.permission", "pk": 238, "fields": {"name": "Can add bootstrap4 tab", "content_type": 80, "codename": "add_bootstrap4tab"}}, {"model": "auth.permission", "pk": 239, "fields": {"name": "Can change bootstrap4 tab", "content_type": 80, "codename": "change_bootstrap4tab"}}, {"model": "auth.permission", "pk": 240, "fields": {"name": "Can delete bootstrap4 tab", "content_type": 80, "codename": "delete_bootstrap4tab"}}, {"model": "auth.permission", "pk": 241, "fields": {"name": "Can add bootstrap4 spacing", "content_type": 81, "codename": "add_bootstrap4spacing"}}, {"model": "auth.permission", "pk": 242, "fields": {"name": "Can change bootstrap4 spacing", "content_type": 81, "codename": "change_bootstrap4spacing"}}, {"model": "auth.permission", "pk": 243, "fields": {"name": "Can delete bootstrap4 spacing", "content_type": 81, "codename": "delete_bootstrap4spacing"}}, {"model": "auth.user", "pk": 1, "fields": {"password": "pbkdf2_sha256$36000$1LlqoOFncaDA$VJeXXd0VBQFJNdseSuDtJWIdA4kLA7dkKCO+4qgBLwE=", "last_login": "2019-01-07T01:48:58.344Z", "is_superuser": true, "username": "admin", "first_name": "", "last_name": "", "email": "admin@admin.com", "is_staff": true, "is_active": true, "date_joined": "2018-12-29T21:40:11.286Z", "groups": [], "user_permissions": []}}, {"model": "auth.user", "pk": 2, "fields": {"password": "pbkdf2_sha256$36000$9uTJkjsKB1ir$CQ/4TpgGy8tbcx9I0RcW8ntKDLElI7n/9De2wYfLD6o=", "last_login": null, "is_superuser": false, "username": "alexis", "first_name": "", "last_name": "", "email": "", "is_staff": false, "is_active": true, "date_joined": "2018-12-30T01:08:50.254Z", "groups": [], "user_permissions": []}}, {"model": "admin.logentry", "pk": 1, "fields": {"action_time": "2018-12-29T22:10:48.257Z", "user": 1, "content_type": 31, "object_id": "1", "object_repr": "biblioUdeA.JPG", "action_flag": 2, "change_message": "[{\"changed\": {\"fields\": [\"subject_location\"]}}]"}}, {"model": "admin.logentry", "pk": 2, "fields": {"action_time": "2018-12-29T23:45:05.745Z", "user": 1, "content_type": 2, "object_id": "1", "object_repr": "Mi primera pagina en Django CMS", "action_flag": 2, "change_message": ""}}, {"model": "admin.logentry", "pk": 3, "fields": {"action_time": "2018-12-30T01:08:50.338Z", "user": 1, "content_type": 5, "object_id": "2", "object_repr": "alexis", "action_flag": 1, "change_message": "[{\"added\": {}}]"}}, {"model": "admin.logentry", "pk": 4, "fields": {"action_time": "2018-12-30T02:45:20.003Z", "user": 1, "content_type": 2, "object_id": "1", "object_repr": "Mi primera pagina en Django CMS", "action_flag": 2, "change_message": ""}}, {"model": "admin.logentry", "pk": 5, "fields": {"action_time": "2018-12-30T02:45:20.566Z", "user": 1, "content_type": 2, "object_id": "1", "object_repr": "Mi primera pagina en Django CMS", "action_flag": 2, "change_message": ""}}, {"model": "admin.logentry", "pk": 6, "fields": {"action_time": "2018-12-30T21:24:55.150Z", "user": 1, "content_type": 2, "object_id": "3", "object_repr": "Home", "action_flag": 1, "change_message": "[{\"added\": {}}]"}}, {"model": "admin.logentry", "pk": 7, "fields": {"action_time": "2018-12-30T21:25:14.693Z", "user": 1, "content_type": 2, "object_id": "3", "object_repr": "Home", "action_flag": 2, "change_message": "[{\"changed\": {\"fields\": [\"template\", \"xframe_options\"]}}]"}}, {"model": "admin.logentry", "pk": 8, "fields": {"action_time": "2018-12-30T21:32:02.371Z", "user": 1, "content_type": 2, "object_id": "3", "object_repr": "Home", "action_flag": 2, "change_message": "[{\"changed\": {\"fields\": [\"template\", \"xframe_options\"]}}]"}}, {"model": "admin.logentry", "pk": 9, "fields": {"action_time": "2018-12-30T22:00:17.555Z", "user": 1, "content_type": 2, "object_id": "3", "object_repr": "primer pagina canvas", "action_flag": 2, "change_message": ""}}, {"model": "admin.logentry", "pk": 10, "fields": {"action_time": "2018-12-30T22:04:43.584Z", "user": 1, "content_type": 2, "object_id": "3", "object_repr": "primer pagina canvas", "action_flag": 2, "change_message": ""}}, {"model": "admin.logentry", "pk": 11, "fields": {"action_time": "2018-12-30T22:07:10.507Z", "user": 1, "content_type": 2, "object_id": "3", "object_repr": "primer pagina canvas", "action_flag": 2, "change_message": ""}}, {"model": "admin.logentry", "pk": 12, "fields": {"action_time": "2018-12-31T01:48:48.259Z", "user": 1, "content_type": 2, "object_id": "1", "object_repr": "Mi primera pagina en Django CMS", "action_flag": 2, "change_message": ""}}, {"model": "admin.logentry", "pk": 13, "fields": {"action_time": "2018-12-31T01:49:50.276Z", "user": 1, "content_type": 35, "object_id": "30", "object_repr": "0 columnas", "action_flag": 3, "change_message": ""}}, {"model": "admin.logentry", "pk": 14, "fields": {"action_time": "2018-12-31T01:56:38.408Z", "user": 1, "content_type": 2, "object_id": "3", "object_repr": "primer pagina canvas", "action_flag": 2, "change_message": ""}}, {"model": "admin.logentry", "pk": 15, "fields": {"action_time": "2018-12-31T02:23:58.422Z", "user": 1, "content_type": 2, "object_id": "3", "object_repr": "primer pagina canvas", "action_flag": 2, "change_message": ""}}, {"model": "admin.logentry", "pk": 16, "fields": {"action_time": "2018-12-31T02:31:10.086Z", "user": 1, "content_type": 2, "object_id": "3", "object_repr": "primer pagina canvas", "action_flag": 2, "change_message": ""}}, {"model": "admin.logentry", "pk": 17, "fields": {"action_time": "2018-12-31T02:33:45.300Z", "user": 1, "content_type": 2, "object_id": "3", "object_repr": "primer pagina canvas", "action_flag": 2, "change_message": ""}}, {"model": "admin.logentry", "pk": 18, "fields": {"action_time": "2018-12-31T02:35:59.666Z", "user": 1, "content_type": 2, "object_id": "3", "object_repr": "primer pagina canvas", "action_flag": 2, "change_message": ""}}, {"model": "admin.logentry", "pk": 19, "fields": {"action_time": "2018-12-31T02:43:56.816Z", "user": 1, "content_type": 2, "object_id": "1", "object_repr": "Mi primera pagina en Django CMS", "action_flag": 3, "change_message": ""}}, {"model": "admin.logentry", "pk": 20, "fields": {"action_time": "2018-12-31T04:30:51.565Z", "user": 1, "content_type": 2, "object_id": "3", "object_repr": "Home", "action_flag": 3, "change_message": ""}}, {"model": "admin.logentry", "pk": 21, "fields": {"action_time": "2018-12-31T04:31:16.456Z", "user": 1, "content_type": 2, "object_id": "5", "object_repr": "Home", "action_flag": 1, "change_message": "[{\"added\": {}}]"}}, {"model": "admin.logentry", "pk": 22, "fields": {"action_time": "2018-12-31T04:33:19.117Z", "user": 1, "content_type": 2, "object_id": "5", "object_repr": "Home", "action_flag": 2, "change_message": ""}}, {"model": "admin.logentry", "pk": 23, "fields": {"action_time": "2019-01-03T03:37:26.420Z", "user": 1, "content_type": 2, "object_id": "5", "object_repr": "Home", "action_flag": 2, "change_message": ""}}, {"model": "admin.logentry", "pk": 24, "fields": {"action_time": "2019-01-03T03:40:30.122Z", "user": 1, "content_type": 24, "object_id": "109", "object_repr": "http://127.0.0.1:8080/media/filer_public/b4/f9/b4f91a30-ddd1-4e0c-b4d5-38e926cff662/earth.mp4", "action_flag": 3, "change_message": ""}}, {"model": "admin.logentry", "pk": 25, "fields": {"action_time": "2019-01-03T03:40:56.068Z", "user": 1, "content_type": 2, "object_id": "5", "object_repr": "Home", "action_flag": 2, "change_message": ""}}, {"model": "admin.logentry", "pk": 26, "fields": {"action_time": "2019-01-03T03:42:40.618Z", "user": 1, "content_type": 73, "object_id": "111", "object_repr": "111", "action_flag": 3, "change_message": ""}}, {"model": "admin.logentry", "pk": 27, "fields": {"action_time": "2019-01-03T03:44:15.700Z", "user": 1, "content_type": 2, "object_id": "5", "object_repr": "Home", "action_flag": 2, "change_message": ""}}, {"model": "admin.logentry", "pk": 28, "fields": {"action_time": "2019-01-03T03:45:15.770Z", "user": 1, "content_type": 2, "object_id": "5", "object_repr": "Home", "action_flag": 2, "change_message": ""}}, {"model": "admin.logentry", "pk": 29, "fields": {"action_time": "2019-01-03T03:47:07.302Z", "user": 1, "content_type": 66, "object_id": "113", "object_repr": "113", "action_flag": 3, "change_message": ""}}, {"model": "admin.logentry", "pk": 30, "fields": {"action_time": "2019-01-03T03:48:27.027Z", "user": 1, "content_type": 2, "object_id": "5", "object_repr": "Home", "action_flag": 2, "change_message": ""}}, {"model": "admin.logentry", "pk": 31, "fields": {"action_time": "2019-01-03T03:51:28.876Z", "user": 1, "content_type": 2, "object_id": "5", "object_repr": "Home", "action_flag": 2, "change_message": ""}}, {"model": "admin.logentry", "pk": 32, "fields": {"action_time": "2019-01-03T03:52:10.013Z", "user": 1, "content_type": 2, "object_id": "5", "object_repr": "Home", "action_flag": 2, "change_message": ""}}, {"model": "admin.logentry", "pk": 33, "fields": {"action_time": "2019-01-03T03:52:52.832Z", "user": 1, "content_type": 2, "object_id": "5", "object_repr": "Home", "action_flag": 2, "change_message": ""}}, {"model": "admin.logentry", "pk": 34, "fields": {"action_time": "2019-01-05T18:33:51.713Z", "user": 1, "content_type": 2, "object_id": "5", "object_repr": "Home", "action_flag": 2, "change_message": ""}}, {"model": "admin.logentry", "pk": 35, "fields": {"action_time": "2019-01-05T18:36:10.057Z", "user": 1, "content_type": 2, "object_id": "5", "object_repr": "Home", "action_flag": 2, "change_message": ""}}, {"model": "admin.logentry", "pk": 36, "fields": {"action_time": "2019-01-05T18:36:50.820Z", "user": 1, "content_type": 2, "object_id": "7", "object_repr": "TEAM", "action_flag": 1, "change_message": "[{\"added\": {}}]"}}, {"model": "admin.logentry", "pk": 37, "fields": {"action_time": "2019-01-05T18:37:47.627Z", "user": 1, "content_type": 2, "object_id": "5", "object_repr": "Home", "action_flag": 2, "change_message": ""}}, {"model": "admin.logentry", "pk": 38, "fields": {"action_time": "2019-01-05T18:38:29.050Z", "user": 1, "content_type": 2, "object_id": "5", "object_repr": "Home", "action_flag": 2, "change_message": ""}}, {"model": "admin.logentry", "pk": 39, "fields": {"action_time": "2019-01-05T19:35:07.924Z", "user": 1, "content_type": 31, "object_id": "5", "object_repr": "footer-logo.png", "action_flag": 3, "change_message": ""}}, {"model": "admin.logentry", "pk": 40, "fields": {"action_time": "2019-01-05T19:36:32.325Z", "user": 1, "content_type": 31, "object_id": "6", "object_repr": "footer-logo.png", "action_flag": 3, "change_message": ""}}, {"model": "admin.logentry", "pk": 41, "fields": {"action_time": "2019-01-05T19:38:27.538Z", "user": 1, "content_type": 2, "object_id": "5", "object_repr": "Home", "action_flag": 2, "change_message": ""}}, {"model": "admin.logentry", "pk": 42, "fields": {"action_time": "2019-01-05T19:42:55.083Z", "user": 1, "content_type": 2, "object_id": "5", "object_repr": "Home", "action_flag": 2, "change_message": ""}}, {"model": "admin.logentry", "pk": 43, "fields": {"action_time": "2019-01-05T19:57:14.885Z", "user": 1, "content_type": 2, "object_id": "5", "object_repr": "Home", "action_flag": 2, "change_message": ""}}, {"model": "admin.logentry", "pk": 44, "fields": {"action_time": "2019-01-05T23:22:30.896Z", "user": 1, "content_type": 2, "object_id": "5", "object_repr": "Home", "action_flag": 2, "change_message": ""}}, {"model": "admin.logentry", "pk": 45, "fields": {"action_time": "2019-01-05T23:24:40.475Z", "user": 1, "content_type": 56, "object_id": "183", "object_repr": "183", "action_flag": 3, "change_message": ""}}, {"model": "admin.logentry", "pk": 46, "fields": {"action_time": "2019-01-05T23:31:24.599Z", "user": 1, "content_type": 2, "object_id": "5", "object_repr": "Home", "action_flag": 2, "change_message": ""}}, {"model": "admin.logentry", "pk": 47, "fields": {"action_time": "2019-01-06T00:24:50.746Z", "user": 1, "content_type": 24, "object_id": "204", "object_repr": "", "action_flag": 3, "change_message": ""}}, {"model": "admin.logentry", "pk": 48, "fields": {"action_time": "2019-01-06T00:52:52.750Z", "user": 1, "content_type": 2, "object_id": "5", "object_repr": "Home", "action_flag": 2, "change_message": ""}}, {"model": "admin.logentry", "pk": 49, "fields": {"action_time": "2019-01-06T00:55:16.312Z", "user": 1, "content_type": 2, "object_id": "5", "object_repr": "Home", "action_flag": 2, "change_message": ""}}, {"model": "admin.logentry", "pk": 50, "fields": {"action_time": "2019-01-06T01:04:58.368Z", "user": 1, "content_type": 2, "object_id": "5", "object_repr": "Home", "action_flag": 2, "change_message": ""}}, {"model": "admin.logentry", "pk": 51, "fields": {"action_time": "2019-01-06T01:09:32.160Z", "user": 1, "content_type": 2, "object_id": "5", "object_repr": "Home", "action_flag": 2, "change_message": ""}}, {"model": "admin.logentry", "pk": 52, "fields": {"action_time": "2019-01-06T01:17:38.708Z", "user": 1, "content_type": 24, "object_id": "235", "object_repr": "", "action_flag": 3, "change_message": ""}}, {"model": "admin.logentry", "pk": 53, "fields": {"action_time": "2019-01-06T01:31:39.131Z", "user": 1, "content_type": 2, "object_id": "5", "object_repr": "Home", "action_flag": 2, "change_message": ""}}, {"model": "admin.logentry", "pk": 54, "fields": {"action_time": "2019-01-06T01:32:56.468Z", "user": 1, "content_type": 2, "object_id": "5", "object_repr": "Home", "action_flag": 2, "change_message": ""}}, {"model": "admin.logentry", "pk": 55, "fields": {"action_time": "2019-01-06T01:39:06.865Z", "user": 1, "content_type": 2, "object_id": "5", "object_repr": "Home", "action_flag": 2, "change_message": ""}}, {"model": "admin.logentry", "pk": 56, "fields": {"action_time": "2019-01-06T01:49:43.973Z", "user": 1, "content_type": 24, "object_id": "357", "object_repr": "308 Gladfelter Hall...", "action_flag": 3, "change_message": ""}}, {"model": "admin.logentry", "pk": 57, "fields": {"action_time": "2019-01-06T01:51:32.673Z", "user": 1, "content_type": 2, "object_id": "5", "object_repr": "Home", "action_flag": 2, "change_message": ""}}, {"model": "admin.logentry", "pk": 58, "fields": {"action_time": "2019-01-06T01:53:46.313Z", "user": 1, "content_type": 2, "object_id": "5", "object_repr": "Home", "action_flag": 2, "change_message": ""}}, {"model": "admin.logentry", "pk": 59, "fields": {"action_time": "2019-01-06T02:02:08.999Z", "user": 1, "content_type": 24, "object_id": "456", "object_repr": "308 Gladfelter Hall...", "action_flag": 3, "change_message": ""}}, {"model": "admin.logentry", "pk": 60, "fields": {"action_time": "2019-01-06T02:03:49.103Z", "user": 1, "content_type": 2, "object_id": "5", "object_repr": "Home", "action_flag": 2, "change_message": ""}}, {"model": "admin.logentry", "pk": 61, "fields": {"action_time": "2019-01-06T02:06:40.817Z", "user": 1, "content_type": 2, "object_id": "5", "object_repr": "Home", "action_flag": 2, "change_message": ""}}, {"model": "admin.logentry", "pk": 62, "fields": {"action_time": "2019-01-06T02:08:48.682Z", "user": 1, "content_type": 41, "object_id": "139", "object_repr": "column2", "action_flag": 3, "change_message": ""}}, {"model": "admin.logentry", "pk": 63, "fields": {"action_time": "2019-01-06T02:08:55.223Z", "user": 1, "content_type": 41, "object_id": "140", "object_repr": "column3", "action_flag": 3, "change_message": ""}}, {"model": "admin.logentry", "pk": 64, "fields": {"action_time": "2019-01-06T02:10:11.774Z", "user": 1, "content_type": 41, "object_id": "619", "object_repr": "background map", "action_flag": 3, "change_message": ""}}, {"model": "admin.logentry", "pk": 65, "fields": {"action_time": "2019-01-06T02:10:35.281Z", "user": 1, "content_type": 40, "object_id": "618", "object_repr": "logo-footer.png", "action_flag": 3, "change_message": ""}}, {"model": "admin.logentry", "pk": 66, "fields": {"action_time": "2019-01-06T02:11:33.978Z", "user": 1, "content_type": 2, "object_id": "5", "object_repr": "Home", "action_flag": 2, "change_message": ""}}, {"model": "admin.logentry", "pk": 67, "fields": {"action_time": "2019-01-06T02:14:12.609Z", "user": 1, "content_type": 40, "object_id": "644", "object_repr": "logo-footer.png", "action_flag": 3, "change_message": ""}}, {"model": "admin.logentry", "pk": 68, "fields": {"action_time": "2019-01-06T02:14:37.803Z", "user": 1, "content_type": 41, "object_id": "645", "object_repr": "background map", "action_flag": 3, "change_message": ""}}, {"model": "admin.logentry", "pk": 69, "fields": {"action_time": "2019-01-06T02:15:35.639Z", "user": 1, "content_type": 2, "object_id": "5", "object_repr": "Home", "action_flag": 2, "change_message": ""}}, {"model": "admin.logentry", "pk": 70, "fields": {"action_time": "2019-01-06T02:16:20.489Z", "user": 1, "content_type": 24, "object_id": "729", "object_repr": "Subscribe to Our...", "action_flag": 3, "change_message": ""}}, {"model": "admin.logentry", "pk": 71, "fields": {"action_time": "2019-01-06T02:21:59.502Z", "user": 1, "content_type": 2, "object_id": "5", "object_repr": "Home", "action_flag": 2, "change_message": ""}}, {"model": "admin.logentry", "pk": 72, "fields": {"action_time": "2019-01-06T02:23:25.367Z", "user": 1, "content_type": 53, "object_id": "768", "object_repr": "Suscribe News", "action_flag": 3, "change_message": ""}}, {"model": "admin.logentry", "pk": 73, "fields": {"action_time": "2019-01-06T02:24:36.533Z", "user": 1, "content_type": 2, "object_id": "5", "object_repr": "Home", "action_flag": 2, "change_message": ""}}, {"model": "admin.logentry", "pk": 74, "fields": {"action_time": "2019-01-06T02:25:16.652Z", "user": 1, "content_type": 2, "object_id": "5", "object_repr": "Home", "action_flag": 2, "change_message": ""}}, {"model": "admin.logentry", "pk": 75, "fields": {"action_time": "2019-01-06T02:25:59.015Z", "user": 1, "content_type": 24, "object_id": "807", "object_repr": "Subscribe", "action_flag": 3, "change_message": ""}}, {"model": "admin.logentry", "pk": 76, "fields": {"action_time": "2019-01-06T02:26:23.260Z", "user": 1, "content_type": 2, "object_id": "5", "object_repr": "Home", "action_flag": 2, "change_message": ""}}, {"model": "admin.logentry", "pk": 77, "fields": {"action_time": "2019-01-06T02:42:50.707Z", "user": 1, "content_type": 2, "object_id": "5", "object_repr": "Home", "action_flag": 2, "change_message": ""}}, {"model": "admin.logentry", "pk": 78, "fields": {"action_time": "2019-01-06T02:44:30.238Z", "user": 1, "content_type": 2, "object_id": "5", "object_repr": "Home", "action_flag": 2, "change_message": ""}}, {"model": "admin.logentry", "pk": 79, "fields": {"action_time": "2019-01-06T02:46:11.632Z", "user": 1, "content_type": 2, "object_id": "7", "object_repr": "TEAM", "action_flag": 3, "change_message": ""}}, {"model": "admin.logentry", "pk": 80, "fields": {"action_time": "2019-01-06T02:46:50.603Z", "user": 1, "content_type": 2, "object_id": "5", "object_repr": "Home", "action_flag": 2, "change_message": ""}}, {"model": "admin.logentry", "pk": 81, "fields": {"action_time": "2019-01-06T02:49:07.823Z", "user": 1, "content_type": 2, "object_id": "5", "object_repr": "Home", "action_flag": 2, "change_message": ""}}, {"model": "admin.logentry", "pk": 82, "fields": {"action_time": "2019-01-06T03:05:54.196Z", "user": 1, "content_type": 31, "object_id": "1", "object_repr": "biblioUdeA.JPG", "action_flag": 3, "change_message": ""}}, {"model": "admin.logentry", "pk": 83, "fields": {"action_time": "2019-01-06T03:05:59.513Z", "user": 1, "content_type": 31, "object_id": "3", "object_repr": "panoramica.jpg", "action_flag": 3, "change_message": ""}}, {"model": "admin.logentry", "pk": 84, "fields": {"action_time": "2019-01-06T03:08:19.369Z", "user": 1, "content_type": 31, "object_id": "8", "object_repr": "logo2.png", "action_flag": 2, "change_message": "[{\"changed\": {\"fields\": [\"subject_location\"]}}]"}}, {"model": "admin.logentry", "pk": 85, "fields": {"action_time": "2019-01-06T03:09:20.561Z", "user": 1, "content_type": 2, "object_id": "5", "object_repr": "Home", "action_flag": 2, "change_message": ""}}, {"model": "admin.logentry", "pk": 86, "fields": {"action_time": "2019-01-06T03:10:23.058Z", "user": 1, "content_type": 40, "object_id": "1030", "object_repr": "logo2.png", "action_flag": 3, "change_message": ""}}, {"model": "admin.logentry", "pk": 87, "fields": {"action_time": "2019-01-06T03:10:33.293Z", "user": 1, "content_type": 40, "object_id": "1032", "object_repr": "logo2.png", "action_flag": 3, "change_message": ""}}, {"model": "admin.logentry", "pk": 88, "fields": {"action_time": "2019-01-06T03:14:00.761Z", "user": 1, "content_type": 2, "object_id": "5", "object_repr": "Home", "action_flag": 2, "change_message": ""}}, {"model": "admin.logentry", "pk": 89, "fields": {"action_time": "2019-01-06T03:21:14.250Z", "user": 1, "content_type": 2, "object_id": "9", "object_repr": "home", "action_flag": 1, "change_message": "[{\"added\": {}}]"}}, {"model": "admin.logentry", "pk": 90, "fields": {"action_time": "2019-01-06T04:01:12.787Z", "user": 1, "content_type": 2, "object_id": "5", "object_repr": "Home", "action_flag": 2, "change_message": ""}}, {"model": "admin.logentry", "pk": 91, "fields": {"action_time": "2019-01-06T04:10:17.772Z", "user": 1, "content_type": 24, "object_id": "1039", "object_repr": "http://127.0.0.1:8080/media/filer_public/d5/83/d583a095-1081-4bb4-a1cd-7f89b91f0749/logo2.png", "action_flag": 3, "change_message": ""}}, {"model": "admin.logentry", "pk": 92, "fields": {"action_time": "2019-01-06T04:14:17.263Z", "user": 1, "content_type": 2, "object_id": "5", "object_repr": "Home", "action_flag": 2, "change_message": ""}}, {"model": "admin.logentry", "pk": 93, "fields": {"action_time": "2019-01-06T04:19:28.259Z", "user": 1, "content_type": 2, "object_id": "5", "object_repr": "Home", "action_flag": 2, "change_message": ""}}, {"model": "admin.logentry", "pk": 94, "fields": {"action_time": "2019-01-06T04:23:30.865Z", "user": 1, "content_type": 2, "object_id": "5", "object_repr": "Home", "action_flag": 2, "change_message": ""}}, {"model": "admin.logentry", "pk": 95, "fields": {"action_time": "2019-01-06T04:24:25.710Z", "user": 1, "content_type": 2, "object_id": "5", "object_repr": "Home", "action_flag": 2, "change_message": ""}}, {"model": "admin.logentry", "pk": 96, "fields": {"action_time": "2019-01-06T04:25:20.719Z", "user": 1, "content_type": 2, "object_id": "5", "object_repr": "Home", "action_flag": 2, "change_message": ""}}, {"model": "admin.logentry", "pk": 97, "fields": {"action_time": "2019-01-06T04:27:15.833Z", "user": 1, "content_type": 2, "object_id": "5", "object_repr": "Home", "action_flag": 2, "change_message": ""}}, {"model": "admin.logentry", "pk": 98, "fields": {"action_time": "2019-01-06T04:44:31.231Z", "user": 1, "content_type": 41, "object_id": "1112", "object_repr": "icon-program", "action_flag": 3, "change_message": ""}}, {"model": "admin.logentry", "pk": 99, "fields": {"action_time": "2019-01-06T04:45:18.193Z", "user": 1, "content_type": 2, "object_id": "5", "object_repr": "Home", "action_flag": 2, "change_message": ""}}, {"model": "admin.logentry", "pk": 100, "fields": {"action_time": "2019-01-06T04:47:18.067Z", "user": 1, "content_type": 2, "object_id": "5", "object_repr": "Home", "action_flag": 2, "change_message": ""}}, {"model": "admin.logentry", "pk": 101, "fields": {"action_time": "2019-01-06T04:52:50.472Z", "user": 1, "content_type": 24, "object_id": "1114", "object_repr": "", "action_flag": 3, "change_message": ""}}, {"model": "admin.logentry", "pk": 102, "fields": {"action_time": "2019-01-06T04:56:05.235Z", "user": 1, "content_type": 2, "object_id": "5", "object_repr": "Home", "action_flag": 2, "change_message": ""}}, {"model": "admin.logentry", "pk": 103, "fields": {"action_time": "2019-01-06T05:10:28.683Z", "user": 1, "content_type": 2, "object_id": "5", "object_repr": "Home", "action_flag": 2, "change_message": ""}}, {"model": "admin.logentry", "pk": 104, "fields": {"action_time": "2019-01-06T05:18:52.945Z", "user": 1, "content_type": 2, "object_id": "5", "object_repr": "Home", "action_flag": 2, "change_message": ""}}, {"model": "admin.logentry", "pk": 105, "fields": {"action_time": "2019-01-06T05:25:52.190Z", "user": 1, "content_type": 2, "object_id": "5", "object_repr": "Home", "action_flag": 2, "change_message": ""}}, {"model": "admin.logentry", "pk": 106, "fields": {"action_time": "2019-01-06T05:31:32.499Z", "user": 1, "content_type": 2, "object_id": "5", "object_repr": "Home", "action_flag": 2, "change_message": ""}}, {"model": "admin.logentry", "pk": 107, "fields": {"action_time": "2019-01-06T05:33:39.845Z", "user": 1, "content_type": 2, "object_id": "5", "object_repr": "Home", "action_flag": 2, "change_message": ""}}, {"model": "admin.logentry", "pk": 108, "fields": {"action_time": "2019-01-06T05:37:33.450Z", "user": 1, "content_type": 2, "object_id": "5", "object_repr": "Home", "action_flag": 2, "change_message": ""}}, {"model": "admin.logentry", "pk": 109, "fields": {"action_time": "2019-01-06T05:52:38.371Z", "user": 1, "content_type": 2, "object_id": "5", "object_repr": "Home", "action_flag": 2, "change_message": ""}}, {"model": "admin.logentry", "pk": 110, "fields": {"action_time": "2019-01-06T05:54:07.484Z", "user": 1, "content_type": 2, "object_id": "5", "object_repr": "Home", "action_flag": 2, "change_message": ""}}, {"model": "admin.logentry", "pk": 111, "fields": {"action_time": "2019-01-06T05:55:04.009Z", "user": 1, "content_type": 2, "object_id": "5", "object_repr": "Home", "action_flag": 2, "change_message": ""}}, {"model": "admin.logentry", "pk": 112, "fields": {"action_time": "2019-01-06T05:59:27.715Z", "user": 1, "content_type": 2, "object_id": "5", "object_repr": "Home", "action_flag": 2, "change_message": ""}}, {"model": "admin.logentry", "pk": 113, "fields": {"action_time": "2019-01-06T06:07:51.599Z", "user": 1, "content_type": 2, "object_id": "10", "object_repr": "TEAM", "action_flag": 1, "change_message": "[{\"added\": {}}]"}}, {"model": "admin.logentry", "pk": 114, "fields": {"action_time": "2019-01-06T06:08:33.146Z", "user": 1, "content_type": 2, "object_id": "10", "object_repr": "victor", "action_flag": 2, "change_message": ""}}, {"model": "admin.logentry", "pk": 115, "fields": {"action_time": "2019-01-06T06:11:50.146Z", "user": 1, "content_type": 2, "object_id": "5", "object_repr": "Home", "action_flag": 2, "change_message": ""}}, {"model": "admin.logentry", "pk": 116, "fields": {"action_time": "2019-01-06T19:19:57.527Z", "user": 1, "content_type": 2, "object_id": "5", "object_repr": "Home", "action_flag": 2, "change_message": ""}}, {"model": "admin.logentry", "pk": 117, "fields": {"action_time": "2019-01-06T19:26:54.527Z", "user": 1, "content_type": 2, "object_id": "5", "object_repr": "Home", "action_flag": 2, "change_message": ""}}, {"model": "admin.logentry", "pk": 118, "fields": {"action_time": "2019-01-06T21:55:48.702Z", "user": 1, "content_type": 2, "object_id": "5", "object_repr": "Home", "action_flag": 2, "change_message": ""}}, {"model": "admin.logentry", "pk": 119, "fields": {"action_time": "2019-01-06T22:46:22.761Z", "user": 1, "content_type": 2, "object_id": "5", "object_repr": "Home", "action_flag": 2, "change_message": ""}}, {"model": "admin.logentry", "pk": 120, "fields": {"action_time": "2019-01-06T22:49:41.003Z", "user": 1, "content_type": 2, "object_id": "5", "object_repr": "Home", "action_flag": 2, "change_message": ""}}, {"model": "admin.logentry", "pk": 121, "fields": {"action_time": "2019-01-06T23:58:06.770Z", "user": 1, "content_type": 2, "object_id": "5", "object_repr": "Home", "action_flag": 2, "change_message": ""}}, {"model": "admin.logentry", "pk": 122, "fields": {"action_time": "2019-01-07T02:06:54.487Z", "user": 1, "content_type": 15, "object_id": "1", "object_repr": "admin", "action_flag": 2, "change_message": "[{\"changed\": {\"fields\": [\"language\"]}}]"}}, {"model": "cms.usersettings", "pk": 1, "fields": {"user": 1, "language": "en", "clipboard": 1}}, {"model": "cms.pageuser", "pk": 2, "fields": {"created_by": 1, "groups": [], "user_permissions": []}}, {"model": "filer.folder", "pk": 1, "fields": {"parent": null, "name": "images", "owner": 1, "uploaded_at": "2018-12-29T22:10:05.832Z", "created_at": "2018-12-29T22:10:05.832Z", "modified_at": "2018-12-29T22:10:05.832Z", "lft": 1, "rght": 2, "tree_id": 1, "level": 0}}, {"model": "filer.folder", "pk": 2, "fields": {"parent": null, "name": "team", "owner": 1, "uploaded_at": "2018-12-30T21:56:11.664Z", "created_at": "2018-12-30T21:56:11.664Z", "modified_at": "2018-12-30T21:56:11.664Z", "lft": 1, "rght": 2, "tree_id": 2, "level": 0}}, {"model": "filer.folder", "pk": 3, "fields": {"parent": null, "name": "videos", "owner": 1, "uploaded_at": "2019-01-03T03:36:31.603Z", "created_at": "2019-01-03T03:36:31.603Z", "modified_at": "2019-01-03T03:36:31.603Z", "lft": 1, "rght": 2, "tree_id": 3, "level": 0}}, {"model": "filer.file", "pk": 2, "fields": {"polymorphic_ctype": 31, "folder": 2, "file": "filer_public/8e/c5/8ec574d7-45fa-43e0-af3f-269b5fa1f193/1.jpg", "_file_size": 137865, "sha1": "49500cac329fed5b0253032278e3403a4ea57cb5", "has_all_mandatory_data": false, "original_filename": "1.jpg", "name": "", "description": null, "owner": 1, "uploaded_at": "2018-12-30T21:56:45.299Z", "modified_at": "2018-12-30T21:56:45.299Z", "is_public": true}}, {"model": "filer.file", "pk": 4, "fields": {"polymorphic_ctype": 29, "folder": 3, "file": "filer_public/b4/f9/b4f91a30-ddd1-4e0c-b4d5-38e926cff662/earth.mp4", "_file_size": 7979555, "sha1": "f9148fae90bbe2e4b80e6a75e7bab94289695cae", "has_all_mandatory_data": false, "original_filename": "earth.mp4", "name": "", "description": null, "owner": 1, "uploaded_at": "2019-01-03T03:36:50.693Z", "modified_at": "2019-01-03T03:36:50.693Z", "is_public": true}}, {"model": "filer.file", "pk": 7, "fields": {"polymorphic_ctype": 31, "folder": 1, "file": "filer_public/02/25/02250de5-62d2-40f2-8a42-ab412a6668db/logo-footer.png", "_file_size": 13911, "sha1": "a5e539b514e1d7f430aedd555c157f23e9b950d5", "has_all_mandatory_data": false, "original_filename": "logo-footer.png", "name": "", "description": null, "owner": 1, "uploaded_at": "2019-01-05T19:36:51.154Z", "modified_at": "2019-01-05T19:36:51.155Z", "is_public": true}}, {"model": "filer.file", "pk": 8, "fields": {"polymorphic_ctype": 31, "folder": 1, "file": "filer_public/d5/83/d583a095-1081-4bb4-a1cd-7f89b91f0749/logo2.png", "_file_size": 19266, "sha1": "32d36951d8609eff78926b5deffe142f472a599a", "has_all_mandatory_data": false, "original_filename": "logo2.png", "name": "", "description": "", "owner": 1, "uploaded_at": "2019-01-06T03:07:43.404Z", "modified_at": "2019-01-06T03:08:19.363Z", "is_public": true}}, {"model": "filer.file", "pk": 9, "fields": {"polymorphic_ctype": 31, "folder": 1, "file": "filer_public/81/fc/81fc59a3-a1be-4544-b246-a10281938d72/transition2.jpg", "_file_size": 2033506, "sha1": "da94db91b06175cfcda6ba4937b27e7ed234b004", "has_all_mandatory_data": false, "original_filename": "transition2.jpg", "name": "", "description": null, "owner": 1, "uploaded_at": "2019-01-06T19:19:06.876Z", "modified_at": "2019-01-06T19:19:06.876Z", "is_public": true}}, {"model": "filer.clipboard", "pk": 1, "fields": {"user": 1}}, {"model": "filer.image", "pk": 2, "fields": {"_height": 300, "_width": 400, "default_alt_text": null, "default_caption": null, "subject_location": "", "date_taken": "2018-12-30T21:56:45.247Z", "author": null, "must_always_publish_author_credit": false, "must_always_publish_copyright": false}}, {"model": "filer.image", "pk": 7, "fields": {"_height": 107, "_width": 200, "default_alt_text": null, "default_caption": null, "subject_location": "", "date_taken": "2019-01-05T19:36:51.138Z", "author": null, "must_always_publish_author_credit": false, "must_always_publish_copyright": false}}, {"model": "filer.image", "pk": 8, "fields": {"_height": 175, "_width": 290, "default_alt_text": null, "default_caption": null, "subject_location": "145,88", "date_taken": "2019-01-06T03:07:43.359Z", "author": null, "must_always_publish_author_credit": false, "must_always_publish_copyright": false}}, {"model": "filer.image", "pk": 9, "fields": {"_height": 1266, "_width": 1900, "default_alt_text": null, "default_caption": null, "subject_location": "", "date_taken": "2019-01-06T19:19:06.854Z", "author": null, "must_always_publish_author_credit": false, "must_always_publish_copyright": false}}]